ROW_ID,Sectors,G_ID,111 Crop Farming,112 Livestock,113 Forestry & Logging,114 Fishing0 Hunting & Trapping,115 Ag & Forestry Svcs,211 Oil & gas extraction,212 Mining,213 Mining services,221 Utilities,230 Construction,311 Food products,312 Beverage & Tobacco,313 Textile Mills,314 Textile Products,315 Apparel,316 Leather & Allied,321 Wood Products,322 Paper Manufacturing,323 Printing & Related,324 Petroleum & coal prod,325 Chemical Manufacturing,326 Plastics & rubber prod,327 Nonmetal mineral prod,331 Primary metal mfg,332 Fabricated metal prod,333 Machinery Mfg,334 Computer & oth electron,335 Electircal eqpt & appliances,336 Transportation eqpmt,337 Furniture & related prod,339 Miscellaneous mfg,42  Wholesale Trade,441 Motor veh & parts dealers,442 Furniture & home furnishings,443 Electronics & appliances stores,444 Bldg materials & garden dealers,445 food & beverage stores,446 Health & personal care stores,447 Gasoline stations,448 Clothing & accessories stores,451 Sports0 hobby0 book & music stores,452 General merch stores,453 Misc retailers,454 Non0store retailers,481 Air transportation,482 Rail Transportation,483 Water transportation,484 Truck transportation,485 Transit & ground passengers,486 Pipeline transportation,487 Sightseeing transportation,49A Postal service couriers & messengers,493 Warehousing & storage,511 Publishing industries,512 Motion picture & sound recording,515 Broadcasting,517 Telecommunications,518 Internet & data process svcs,519 Other information services,521 Monetary authorities,522 Credit intermediation & related,523 Securities & other financial,524 Insurance carriers & related,525 Funds0 trusts & other finan,531 Real estate,532 Rental & leasing svcs,533 Lessor of nonfinance intang assets,541 Professional0 scientific & tech svcs,551 Management of companies,561 Admin support svcs,562 Waste mgmt & remediation svcs,611 Educational svcs,621 Ambulatory health care,622 Hospitals,623 Nursing & residential care,624 Social assistance,711 Performing arts & spectator sports,712 Museums & similar,713 Amusement0 gambling & recreation,721 Accommodations,722 Food svcs & drinking places,811 Repair & maintenance,812 Personal & laundry svcs,813 Religious0 grantmaking0 & similar orgs,814 Private households,92 Government,Households LT10k,Households 10015k,Households 15025k,Households 25035k,Households 35050k,Households 50075k,Households 750100k,Households 1000150k,Households 150k+,Federal Government NonDefense,Federal Government Defense,Federal Government Investment,State/Local Govt NonEducation,State/Local Govt Education,State/Local Govt Investment,Capital,Inventory Additions/Deletions,Foreign Trade,Domestic Trade
1,111 Crop Farming,3,816.75,250.97,16.86,0,59.02,0,0.59,0.11,8.67,135.75,4216.86,520.96,59.5,0,2.08,0.16,75.17,19.47,0.43,0.2,118.07,27.68,0.07,0.01,0.06,0.04,0.1,0.1,0.08,0.39,23.97,1.57,7.04,0.78,0.52,1.58,15.23,1.52,0.53,2.15,0.52,0.04,0.91,3.51,0,0,0,0,0,0,0.08,0,0,0.13,0.06,0.02,0.12,0.24,0.14,0.15,0.19,0.2,0.12,0.01,35.45,0.05,0,12.58,0.89,50.05,0.05,4.42,0.42,1.85,1.96,0.08,0.08,0,2.75,1.1,17.55,0.02,0.03,0.52,0,0.51,165.01,246.63,197.41,196.75,336.34,456.01,548.09,309.92,392.46,0,0.46,0,97.06,10.56,0,0,79.62,8689.69,15045.43
11,112 Livestock,3,47.44,710.34,0.24,0,72.39,0,0,0,0,0.02,7034.08,0.01,5.92,2.84,0,0,0,0,0.01,0,0,0,0,0,0.01,0.01,0.02,0,0.01,0,0.3,0.06,0,0,0,0.01,0.01,0.01,0,0.01,0,0,0.01,0.02,0,0,0,0,0,0,3.27,0,0,0.01,0.01,0,0.02,0.04,0.02,0.02,0.03,0.03,0.02,0,0.03,0.01,0,9.57,0.56,0.21,0.01,3.48,0.05,0.23,0.39,0.01,0.01,0,4.78,0.95,27.14,0,0,0.07,0,0.06,24.49,37.97,28.97,25.88,54.41,70.81,91.78,52.86,63.11,0,0.19,0,9.88,7.47,0,0,6.53,24.24,1813.15
15,113 Forestry & Logging,3,0,0,23.24,0,0.78,0,0.2,0,12.52,0,11.96,2.46,0,0,3.01,0.24,108.87,28.18,0.58,0.28,6.57,40.05,0.06,0,0,0,0,0.15,0.07,0.54,5.31,0,0,0,0,0,0,0,0,0,0,0,0,0,0,0,0,0,0,0,0,0,0,0,0,0,0,0,0,0,0,0,0,0,0,0,0,0.19,0,0.04,0,0.03,0,0,0,0,0,0,0,0,0,0,0,0,0,0,0,0,0,0,0,0,0,0,0,0,0,0,0.01,0.03,0,0,0,22.93,142.64
17,114 Fishing0 Hunting & Trapping,3,0,0,0,0,0,0,0,0,0,0,55.6,0,0,0,0,0,0,0,0,0,0.38,0,0,0,0,0,0,0,0,0,0,0,0,0,0,0,2.68,0,0,0,0,0,0,0,0,0,0,0,0,0,0.02,0,0,0,0,0,0,0,0,0,0,0,0,0,0,0,0,0.06,0,0,0,0.78,0,1.27,1.05,0,0,0,1.49,2.17,56.17,0,0,0.53,0,0.1,2.34,3.57,2.86,2.71,5.59,8.51,9.83,6.52,10.62,0,0,0,0.45,4.05,0,0,0,93.68,0
19,115 Ag & Forestry Svcs,3,3464.61,464.39,35.25,0.02,0,0,0,0,0,0,0,0,0,0,0,0,0,0,0,0,0,0,0,0,0,0,0,0,0,0,0,0,0,0,0,0,0,0,0,0,0,0,0,0,0,0,0,0,0,0,0,0,0,0,0,0,0,0,0,0,0,0,0,0,0,0,0,16.67,1.45,0,0,0,0,0,0,0,0,0,0,0,0,0,0,0,0,0,2.05,3.27,2.26,2.74,5.52,7,9.87,6.21,6.76,0,0,0,102.23,0,0,0,0,17.93,9814.94
20,211 Oil & gas extraction,6,6.51,2.5,0.08,0.01,0.4,110.01,1.61,0.43,927.63,58.37,3.26,1.6,0.1,0.04,0.04,0.01,0.62,1.02,1.07,5765.19,142.13,0.93,1.08,0.75,0.76,1.29,2.35,1.19,0.66,0.33,1,7.77,0.72,0.24,0.16,0.5,1.2,0.48,0.17,0.67,0.16,0.88,0.29,1.1,27.04,3.96,5.04,32.23,12.01,17.1,1.96,6.63,0.79,0.24,0.18,0.23,0.72,0.23,0.39,0.28,0.54,0.21,0.08,0,6.14,3.38,0.19,3.48,5.11,4.29,1.35,0.79,1.58,4.65,1.96,1.49,0.57,0.17,1.5,3.5,8.46,1.24,1.82,1.28,0,245.72,4.53,8.39,6.95,7.15,14.37,17.9,20.84,10.13,12.03,1.74,14.87,0,62.67,1.12,0,0,16.87,637.02,126.6
22,212 Mining,6,41,7.84,0.01,0,0.15,2.43,48.53,0.92,582.92,459.39,35.45,8.31,0.83,0.11,0.11,0,0.19,19.66,0.03,57.94,173.13,1.94,276.42,154.57,17.57,3.06,5.71,8.05,4.41,0.5,9.91,0.83,0.02,0.01,0.01,0.02,0.02,0.02,0.01,0.03,0.01,0.01,0.01,0.04,0.46,0.43,0.09,0.56,0.2,0,1.09,0.12,0.12,0.68,0.86,1.92,4.55,1.46,7.16,0.06,0.01,0.03,0.02,0,143.74,8.6,0,26.34,1.26,5.01,1.31,3.92,0.31,0.9,0.59,0.55,6.9,0.02,10.84,1.31,5.41,1.59,7.48,1.84,0,9.46,0.52,0.86,0.63,0.61,1.28,1.66,2.16,1.31,1.73,13.6,0.27,0,62.11,0.11,0,21.52,0.07,166.82,549.23
37,213 Mining services,6,0,0,0,0,0,254.73,66.93,89.05,0,0,0,0,0,0,0,0,0,0,0,0,0,0,0,0,0,0,0,0,0,0,0,0,0,0,0,0,0,0,0,0,0,0,0,0,0,0,0,0,0,0,148.13,0,0,0,0,0,0,0,0,0,0,0,0,0,0,0,0,7.83,0.47,0,0,0,0,0,0,0,0,0,0,0,0,0,0,0,0,0,0,0,0,0,0,0,0,0,0,0,0,0,0,0,0,1963.82,0.67,136.24,0
41,221 Utilities,10,184.58,35.77,0.1,0,9.08,19.54,32.59,2.41,7566.33,262.51,485.9,146.08,22.54,7.35,20.48,1.81,51.09,171.92,50.2,111.54,684.49,140.08,193.64,106.77,171.06,82.95,553.36,47.25,143.7,29.85,79.54,521.45,59.07,33.57,22.55,68.16,280.82,65.54,22.73,92.76,22.37,142.57,39.37,151.28,10.51,0.97,37.8,32.88,75.17,2.06,63.78,25.76,143.89,21.25,26.64,48.67,194.19,67.32,66.37,11.22,26.41,40.97,15.48,0.16,2948.86,41.53,14.29,335.56,302.87,99.25,23.21,382.99,158.9,245.38,103.81,81.87,43.46,10.4,102.46,235.56,650.11,65.33,97.47,60.58,0,167.94,634.63,1071.39,734.89,696.04,1304.52,1593.47,1763.93,896.38,1136.33,49.32,138.9,0,362.12,1819.67,0,0,0,157.01,33023.77
52,230 Construction,11,338.59,31.34,0.1,0.08,12.3,151.85,77.73,25.53,368.4,61.84,302.05,100.96,7.23,4.85,13.9,1.69,33.27,86.3,54.03,551.51,271.43,74.15,90.02,49.34,141.51,87.21,698.57,40.14,115.51,26.43,74.62,398.26,51.77,26.12,17.55,53.04,120.48,51,17.69,72.19,17.41,39.24,30.64,117.73,1,64.25,0,45.25,211.94,38.38,302.58,51.5,52.26,13.03,21.24,16.78,597.1,25.19,143.86,413.74,73.42,91.26,12.85,2.36,16552.46,33.42,13.19,242.36,152.99,79.43,6.89,32.76,123.04,102.41,62.19,111.97,18.72,9.74,43.35,230.16,349.16,43.25,101.04,303.93,0,7706.95,0,0,0,0,0,0,0,0,0,921.47,1144.42,1535.25,10372.09,33.92,32801.64,120062.33,0,56.22,0
65,311 Food products,12,5.39,1247.1,0.11,0.02,76.37,0.34,0.14,0.07,1.64,4.32,10069.09,2237.1,1.48,1.53,0.07,46.13,1.54,21.47,36.92,26.39,274.27,14.62,9.18,0.27,2.12,0.83,7.76,0.88,1.72,0.44,2.92,75.09,0.02,0.02,0.01,0.04,9.34,0.03,0.01,0.05,0.01,0.38,0.02,0.08,0.77,0.02,1.93,0.07,0.14,0,1.5,0.02,0.04,1.81,2.8,0.01,0.54,0.1,1.09,0.01,0.01,0.01,0.01,0,2.05,0.08,0.01,98,0.98,1.76,0.27,336.6,8.36,383.83,224.74,385.53,55.72,0.58,94.94,146.34,4917.87,0.5,1.33,35.82,0,40.32,1701.66,2500.71,1944.13,1588.24,3371.59,4395.62,5273.7,3006.49,3660.48,3.39,87.11,0,1862.05,965.4,0,0.76,496.93,6026.25,32649.4
106,312 Beverage & Tobacco,12,0,13.38,0,0.11,0.2,0,0,0,0,0,163.85,992.4,0,0,0,0.12,0,0.05,0.1,0.06,0.59,0.01,0.02,0,0,0,0,0,0,0,0,1.73,0,0.01,0,0.01,0.02,0.01,0,0.02,0,0,0.01,0.03,1.98,0,0.27,0,0,0,0.54,0,0,0,0.01,0,0,0,0,0,0,0,0,0,0,0,0,2.35,13.47,0,0,42.69,0,24.36,10.96,3.42,3.03,0.38,75.27,27.47,1487.81,0,0,8.18,0,6.54,797.52,1107.3,885.21,799.21,1533.32,1959.04,2545.44,1339.78,1930.58,0.01,2.97,0,97.9,71.66,0,0,642.79,1757.29,15199.63
112,313 Textile Mills,12,4.73,0.23,0,0,3.71,0.2,0.12,0.04,0.98,10.02,2.38,2.15,36.95,44.97,112.69,3,5.27,25.58,5.71,2.48,32.49,16.09,3.56,0.15,1.44,9.52,7.11,0.77,18.17,43.59,56.86,3.7,0.15,1.24,0.83,2.52,0.29,2.43,0.84,3.43,0.83,1.77,1.46,5.6,0,0.01,0.1,0.19,0.12,0,0.21,0.25,0.04,0.48,5.05,0.09,0.5,0.12,0.4,0.01,0.02,0.11,0.1,0,3.2,0.7,0.04,5.22,0.46,1.57,0.29,0.42,5.8,4.47,1.15,2.12,0.06,0.03,4.82,0.86,2.14,3.29,1.87,0.07,0,0.5,5,10.24,8.03,6.78,12.56,17.92,24.46,14.71,16.95,1.33,5.14,0.04,9.9,0.83,0.06,5.28,2.62,267.95,1214.12
119,314 Textile Products,12,3.19,0.32,0,0.01,7.51,0.01,0.01,0,0.03,39.61,2.86,1.28,2.61,7.22,16.9,0.2,1.73,1.65,0.35,1.27,0.86,19.34,1.99,0.04,0.63,0.92,1.34,0.17,29.91,7.38,4.61,15.12,0.62,0.83,0.56,1.68,2.29,1.62,0.56,2.29,0.55,24.97,0.97,3.74,0.01,0,1.47,0.34,0.01,0.02,0.47,0.8,0.05,0.03,0.45,0.07,0.29,0.3,0.01,0,0,0.07,0.11,0,8.97,1.15,0.04,2.49,0.07,2.51,1.46,0.09,0.77,9.54,11.28,8.07,0.03,0,5.15,11.25,9.24,0.78,11.26,0.25,0,0.35,16.12,31.19,21.62,25.88,47.38,61.02,95.78,66.26,88.05,2.3,16.21,0.6,18.91,0.17,0.82,64.34,1.31,153.7,940.74
124,315 Apparel,12,0.17,0.02,0,0,0.4,0,0,0,0,2.03,0.14,0.06,1.21,0.76,95.92,0.05,0.11,0.17,4.88,0.07,0,1.05,0.12,0,0,0.07,0.02,0,1.65,0.54,0.6,31.25,0.06,0.19,0.13,0.39,0.12,0.37,0.13,0.53,0.13,28.14,0.22,0.86,0,0,0.08,0.02,0,0,0.02,0.04,0,0,0.83,0.21,7.11,0.02,0,0,0,0,0.01,0,0.46,0.31,0,2.4,0.1,6.27,1.76,0.39,0.54,0.73,0.61,5.75,1.14,0,0.42,0.64,0.78,2.33,1.17,15.46,0,1.11,52.03,92.2,68.15,52.6,128.95,209.79,239.12,190.07,259.75,0.19,1.4,0.03,30.2,0.22,0.05,3.73,4.87,989.04,4132.33
131,316 Leather & Allied,12,0,0.04,0,0,0,0,0,0,0,0,0.02,0,0,0.21,0.25,0.5,0,0,0.45,0.01,0,0,0,0,0,0,0,0,1.44,0,0.15,0.02,0.01,0,0,0,0,0,0,0,0,0.01,0,0.01,0,0,0,0,0,0,0,0.03,0,0,0,0,0,0,0,0,0,0,0,0,0,0.02,0,0,0,0,0,0,0,0,0,0,0.03,0,0.01,0,0,0.15,0,0,0,0,1.17,2.1,1.9,1.68,3.27,5.44,7.23,4.89,10.52,0.01,0.07,0,0.05,0,0,0,0.08,212.08,317.26
134,321 Wood Products,12,21.58,2.66,3.71,0.04,0.03,0.01,0.5,0.56,0.03,1711.43,3.87,27.22,0.02,1.25,0.01,0.16,464.44,85.94,0.29,0.1,12.12,27.22,18.95,5.49,8.31,28.31,118.18,7.5,86.01,243.18,50.89,82.55,4.06,2.65,1.78,5.38,22.9,5.17,1.79,7.32,1.76,5.44,3.1,11.93,0.01,40.91,0.02,7.58,0.05,0.12,1.17,3.41,3.12,3.52,6.3,7.19,16.92,64.29,6.47,0.95,1.11,0.15,0.81,0,949.09,22.69,0.68,25.15,0.09,22.63,1.72,1.95,10.02,3.74,0.26,32.31,0.68,0.04,5.38,18.02,98.83,4.13,1.46,2.38,0,8.35,4.51,8.39,7.12,6.68,14.85,20.75,29.17,17.73,37.69,1.71,1.94,2.05,216.24,4.04,0.28,378.21,13.42,240.86,668.67
146,322 Paper Manufacturing,12,19.41,2.73,0,0,0.31,0.17,1.87,0.42,1.76,183.44,1038.58,414.88,8.02,4.76,3.28,1.37,15.62,1057.34,387.37,19.05,276.39,157.47,74.55,22.62,106.29,72.68,254.96,65.77,108.85,55.3,147.2,200.82,4.86,5.2,3.49,10.56,36.76,10.15,3.52,14.37,3.47,8.9,6.1,23.43,2.43,1.27,0.36,10.43,14.68,0.92,22.87,50.63,6.7,91.35,15.12,2.04,23.75,12.87,32.81,10.28,11.33,8.15,8.13,0.09,50.77,5.45,22.92,215.14,20.36,105.11,10.93,12.85,134.13,200.04,56.02,35.53,4.11,0.41,8.28,104.8,222.39,13.96,12.62,11.08,0,2.06,45.83,94.28,69.95,61.5,119.77,188.63,222.7,166.04,273.7,78.25,9.22,0,552.64,62.31,0.07,0.14,13.17,559.24,2230.77
154,323 Printing & Related,12,2.29,1.16,0.02,0,1.64,0.33,0.55,0.77,5.77,40.5,16.78,23.37,0.26,0.21,18.15,0.15,2.01,1.67,101.84,2.12,58.14,2.55,2.29,0.85,5.82,4.96,26.15,1.8,5.48,1.85,8.45,401.43,10.29,14.23,9.56,28.89,14.33,27.77,9.63,39.31,9.48,6.47,16.68,64.11,3.28,1.33,1.41,21.17,8.73,0.5,5.03,15.21,3.56,447.72,118.31,31.41,71.25,33.02,768.18,15.27,19.78,261.19,153.63,1.16,69.17,6.9,51.19,745.27,111.14,181.38,4.33,47.83,137.93,76.85,11.52,81.14,41.45,29.06,30.11,58.89,66.46,17.62,44.43,40.04,0,74.38,11.73,16.94,11.79,15.45,25.72,32.94,48.57,41.46,55.75,103.16,88.89,78.55,702.2,53.12,18.83,386.14,3.11,387.47,1749.11
156,324 Petroleum & coal prod,12,616.45,227.46,7.22,1.25,50.94,26.58,113.92,37.82,489.17,5320.15,281.51,141.83,12.01,8.3,3.98,1.03,42.35,88.59,100.63,1434.88,1450.25,117.65,103.05,63.43,99.25,120.82,269.46,117.92,71.03,31.16,100.32,477.41,35.96,9.87,6.63,20.04,50.31,19.27,6.68,27.27,6.58,23.99,11.57,44.47,2445.3,358.17,455.4,2915.25,1042.03,17.26,178.33,599.72,43.82,14.49,9.98,8.54,37.52,18.15,36.44,25.24,48.56,8.81,3.21,0.37,491.44,97.87,3.42,171.29,134.66,357.44,92.2,43.4,104.27,203.72,73.98,63.32,17.76,5.7,72.94,110.36,293.91,48.14,63.88,60.1,0,595.55,431.1,805.31,658.37,675.14,1357.28,1691.01,1972.12,965.04,1142.52,160.17,1347.37,0.02,5708.42,107.42,0.12,6.91,19.72,5105.89,12489.76
161,325 Chemical Manufacturing,12,1023.04,64.33,0.03,0.01,569.64,65.24,26.23,13.42,312.38,864.45,350.51,226.54,264.9,211.69,13.37,9.27,87.35,313.7,249.07,563.86,10133.17,1978.3,203.9,43.01,408.62,165.99,1493.74,170.75,338.47,87.18,464.53,90.04,3.59,2.45,1.64,4.97,5.19,4.78,1.66,6.76,1.63,0.6,2.87,11.03,6.72,4.18,1.45,21.69,29.22,0.15,50.09,8.16,7.27,24.04,16.05,2.29,105,19.49,31.67,2.24,3.06,1.54,2.05,0,396.17,15.26,2.16,683.44,122.8,307.33,52.29,38.78,1570.13,1052,94.95,58.65,1.59,6.32,34.84,9.02,70.77,98.62,181.37,4.27,0,105.99,805.8,1768.64,1156.12,1093.66,2202.63,2767.26,3353.2,1885.2,2079.95,89.24,123.55,0.32,1541.21,217.93,0.36,149.98,752.81,12375.92,43173.16
188,326 Plastics & rubber prod,12,56.93,7.85,0,0.01,8.16,0.21,12.19,1.19,1.59,1345.42,518.93,473.82,4.06,5.23,1.48,5.54,14.06,64.82,20.61,17.53,361.81,432.39,38.24,10.15,92.82,232.32,727.17,84.52,585.03,212.45,286.54,293.19,24.06,8.93,6,18.12,60.16,17.43,6.04,24.67,5.95,9.67,10.47,40.22,0.65,0.18,0.09,67.75,16.65,0.94,12.78,94.41,6.07,17.08,4.82,45.82,85.21,14.5,3.86,0.35,1.52,2.81,13.82,0,324.41,28.02,7.98,190.85,9.12,65.89,11.52,23.57,232.7,75.56,32.1,32.86,1.86,0.26,6.74,5.9,309.2,198.06,26.37,5.82,0,79.49,58.29,82.18,72.35,64.47,124.34,209.17,223.45,128.51,154.13,19.56,57.05,0.87,271.4,54.08,0.43,16.08,6.1,1257.03,5155.06
199,327 Nonmetal mineral prod,12,1.73,0.11,0,0,0.75,2.41,7.99,3.26,8.61,4788.97,82.52,519.12,4.69,0.13,0.24,0.01,31.81,12.54,0.78,118.57,98.75,53.4,825.97,59.66,71.03,97.68,266.38,94.21,274.38,17.3,58.61,15.53,8.1,1.74,1.17,3.54,4.55,3.4,1.18,4.81,1.16,0.63,2.04,7.85,0.01,0.18,0.01,2.79,3.36,0.05,0.6,2.3,1.8,0.64,0.29,12.14,71.54,80.47,1.94,0.66,1.51,0.39,0.69,0,565.85,13.15,0.53,214.3,6.54,59.33,5.82,5.66,144.09,44.15,9.23,15.44,1.74,0.13,8.55,4.93,257.16,30.05,29.53,0.96,0,170.31,44.78,53.17,45.87,18.65,60.52,76.86,102.53,52.58,75.02,20.8,2.96,0.07,57.12,21.02,0.11,1.77,20.58,575.28,778.96
217,331 Primary metal mfg,12,0.74,0.27,0,0,0.04,2.93,2.33,1.72,0.09,115.04,1.49,66.47,0.03,0.65,0.03,0.01,2.88,4.73,0.63,4.25,6.71,17.98,13.05,475.75,1078.01,423.1,776.66,302.03,564.01,64.38,154.23,8.41,0.09,0.03,0.02,0.07,0.04,0.07,0.02,0.09,0.02,0.02,0.04,0.15,0.22,11.21,0.12,0.24,0.1,0.02,4.24,0.09,0.05,0.64,0.67,1.72,10.38,4.11,5.84,0.02,0.02,0.07,0.06,0,26.27,8.55,0.07,37.04,0.71,6.55,12.5,1.63,3.7,0.7,0.27,4.03,0.79,0,4.37,0.42,6.71,11.58,1.66,0.54,0,16.85,0.75,1.27,1.13,0.9,1.98,3.33,4.4,2.48,3.61,3.59,2.38,0.26,3.55,0.12,0.31,3.23,0.16,1114.18,3663.19
231,332 Fabricated metal prod,12,33.37,60.6,0.01,0.07,4.36,10.53,8.14,3.75,14.13,4234.35,434.37,622.31,6.75,8.52,12.17,4.17,68.56,115.43,48.29,35.43,350,193.23,120.95,108.6,1617.47,936.59,2369.42,402.87,1456.37,164.58,262.81,78.35,9.79,5.39,3.62,10.95,6.4,10.53,3.65,14.91,3.6,0.93,6.33,24.31,16.48,3.92,50.1,120.72,31.55,11.85,50.73,27.1,11.06,41.26,2.27,188.41,462.53,77.14,19.88,0.92,3.14,2.14,2.25,0.2,806.72,40.39,17.03,253.57,33.22,101.97,93.1,17.12,19.59,14.36,1.13,61.62,2.46,0.18,30.38,36.78,319.19,200.16,15.78,2.76,0,281.47,28.58,45.13,33.82,41.17,70.36,129.46,164.27,94.58,164.89,38.93,244.24,118.3,149.62,23.7,60.45,585.26,38.95,2405.92,12067.8
262,333 Machinery Mfg,12,47.88,9.77,0.12,0.01,1.84,13.68,39.37,23.28,12.13,705.59,26.8,69.81,0.23,0.28,0.36,0.03,5.01,18.38,19.6,3.31,40.91,18.77,5.97,12.05,76.67,527.6,85.87,35.17,343.26,2.85,35.86,22.35,1.81,0.55,0.37,1.12,1.43,1.07,0.39,1.52,0.37,0.49,0.66,2.48,0.44,0.92,0.46,6.64,8.8,1.4,46.04,1.59,13.83,2.8,2.2,12.29,18.69,7.8,36.16,0.08,0.14,0.44,0.09,0,124.34,11.26,0.11,66.99,6.07,79.01,80.95,28.46,5.07,3.51,1.22,2,0.36,0.04,1.83,0.82,28.25,106.52,6.92,0.38,0,33.33,7.64,13.46,11.07,16.91,21.8,35.12,44.57,28.29,35.59,2.06,15.64,25.82,42.34,47.1,162.76,4176.85,73.54,12077.98,10273.87
301,334 Computer & oth electron,12,4.92,0.57,0,0,2.31,0.39,0.6,3.72,4.34,509.59,21.53,211.92,7.43,8.7,5.53,1.64,22.23,71.53,60.34,21.21,234.64,87.55,56.21,33.94,216.5,299.51,21050.83,211.75,1220.18,54.2,199.81,250.25,20.04,2.89,1.94,5.87,11.86,5.65,1.96,7.99,1.93,1.2,3.39,13.03,0.86,0.92,0.52,13.36,5.03,0.43,6.49,1.25,5.14,118.18,158.04,82.72,2729.31,181.96,290.49,10.33,109.11,43.88,2.32,4.21,82.2,17.76,5.19,810.6,250.96,194.42,30.57,116.91,152.82,17.71,5.12,14.03,1.26,0.04,9.13,52.78,45.81,293.05,10.5,11.54,0,102.75,243.87,409.59,318.36,315.02,631.49,920.83,1203.33,882.08,1288.91,89.84,1127.16,1753.82,123.7,57.62,926.41,10854.21,881.88,33035.89,102162.03
325,335 Electircal eqpt & appliances,12,10.34,1.85,0,0.06,0.81,0.14,0.24,0.5,0.45,1011.01,14.63,18.26,0.3,0.35,0.74,0.03,9.79,4.7,2.09,5.38,15.67,12.24,5.96,17.8,52.16,204.65,691.19,207.04,111.96,2.6,35.3,13.71,1.53,0.66,0.44,1.34,2.19,1.29,0.45,1.83,0.44,3.46,0.77,2.98,0.15,3.89,0.63,4.45,18.5,0.09,1.27,1.89,10.56,0.18,0.16,0.94,80.37,14.72,0.33,0.56,1.33,0.88,0.81,0,112.53,13.59,0.02,148.92,3.09,57.25,19.35,13.49,1.88,6.28,4.31,9.73,0.58,0,4.28,5.03,46.27,80.68,13.2,0.18,0,55.12,49.72,86.76,67.81,59.74,125.53,194.94,225.83,136.61,181.17,27.18,20.69,24.79,56.56,15.09,68.22,755.1,21.24,2840.02,4019.69
343,336 Transportation eqpmt,12,18.17,4.57,0.02,0.14,4.72,0.93,4.11,1.49,3.73,363.27,38.58,43.96,0.54,0.6,0.92,0.09,11.56,9.53,4.62,7.46,23.63,8.5,13.75,6.7,30.09,233.73,205.47,14.44,4073.73,9.21,19.95,140.32,22.29,5.37,3.61,10.91,25.25,10.49,3.64,14.84,3.58,3.1,6.3,24.2,44.76,30.68,31.83,222.86,42.79,0.21,32.16,48.75,16.19,15.97,11.63,24.64,47.42,7.76,40.58,5.21,7.51,24.29,6.86,0.66,34.37,20.48,13.74,201.01,41.36,148.71,42.03,19.23,22.82,15.45,3.76,33.65,8.03,0.38,9.25,5.84,38.33,439.3,10.39,7.11,0,24.78,127.17,327.94,317.79,390.53,592.23,1170.31,1541.78,884.93,1211.97,15.49,717.04,652.07,193.49,32.06,243.2,8262.96,447.78,16323.69,27206.95
368,337 Furniture & related prod,12,0.32,0.09,0,0,0.05,0.01,0.04,0.01,0.02,425.48,2.21,1.85,0.02,0.04,0.08,0.02,10.84,1.04,0.38,0.09,1.25,5.83,0.31,0.13,1.92,10.97,83.99,0.71,11.63,116.78,23.19,25.95,3.69,1.47,0.99,2.99,0.16,2.88,1,4.07,0.98,0.11,1.73,6.64,0.07,0.01,0.11,0.26,0.08,0.02,1.02,0.25,0.03,0.18,0.02,0.28,3.97,17.46,0.05,0.01,0.02,0.01,0.03,0,313.4,3.16,0.05,12.73,0.18,0.46,0.17,0.09,5.56,1.16,0.18,2.78,35.57,0,10.52,0.24,22.48,9.67,0.97,0.14,0,2.39,51.84,101.32,88,90.5,220.83,265.99,396.49,234.77,484.44,0.16,0.43,1.83,1.53,0.22,126,1033.43,28.8,376.41,3326.26
379,339 Miscellaneous mfg,12,4.17,4.85,0.04,0,0.76,0.17,0.44,0.26,1.48,102.56,5.89,6.45,0.68,1.83,31.58,3,5.89,1.95,1.62,2.13,25.19,6.26,14.68,1.93,6.06,44.77,44.59,13.4,36.34,5.47,646.54,42.4,5.3,2.35,1.53,4.62,6.16,4.59,1.54,7.13,1.57,1.3,2.76,10.59,1.14,0.75,0.39,1.73,1.5,0.09,2.06,3.95,3.38,5.29,4.47,4.29,22.57,11.91,21.73,3.21,6.1,10.71,4.29,0.25,41.23,3.15,5.55,176.12,11.67,88.85,35.27,20.12,845.94,374.28,43.71,98.76,5.38,1.7,14.18,11.47,47.9,16.07,42.48,9.53,0,9.56,114.93,213.48,129.23,209.9,330.49,577.9,693.34,430.74,1371.45,17.83,21.11,26.09,422.93,52.32,54.66,1743.01,40.4,6168.31,12390.06
395,42  Wholesale Trade,34,1112.77,866.9,27.49,0.72,372.96,32.51,108.6,37.49,230.21,8712.03,6974.12,2147.17,94.96,99.71,495.35,62.48,506.86,729.66,260.88,1284.08,4078.34,830.62,503.81,847.16,1540.39,1945.15,11194.65,1019.03,3833.14,548.92,1573.85,4755.37,161.1,112.93,75.85,229.32,153.23,220.49,76.46,312.08,75.26,127.97,132.44,508.96,431.37,232.31,270.03,1148.31,556.26,10.79,167.35,504.86,71.62,586.02,51.62,243.31,1150.74,207.08,309.43,24.24,100.1,89.23,47.33,2.9,1682.3,1144.05,35.45,1536.69,318.8,790.16,233.88,279.94,2116.95,1328.32,226.56,362.08,62.09,13.63,179.24,180.6,2229.96,730.67,252.33,116,0,494.08,2540.77,4372.45,3293.8,3211.3,6270.49,8629.39,10730.86,6260.85,9164.34,246.12,882.34,702.84,3329.01,0.24,767.47,16300.17,612.98,28972.96,23767.48
396,441 Motor veh & parts dealers,35,0,1.19,0.05,0.01,0,0.19,1.24,0.41,0.55,362.79,26.62,30.41,0.28,0.35,0,0,3.53,5.35,2.47,0,15.39,3.53,9.55,2.44,10.89,79.82,65.19,0,85.97,4.99,12.35,0.37,15.05,3.41,2.29,6.92,20.35,6.65,2.31,9.41,2.27,0.12,3.99,15.35,0,0.59,0,165.86,0.96,0,3.84,16.37,2.04,6.45,2.01,0,9.28,0.27,4.08,0.79,2.42,1.58,0.89,0,32.08,15.55,0,22.33,0,51.06,2,0,0,0,0,0,0,0,0.5,0.92,6.48,358.63,5.69,2.45,0,0,776.33,1356.33,1026.19,999.17,1987.11,2838.64,3493.9,2137.19,3238.42,0,0,0,0,0,0,1500.07,0,0,23.22
397,442 Furniture & home furnishings,35,1.05,0.22,0,0,0.05,0.01,0.21,0,1.27,816.24,3.93,6.51,0,0.23,0,0.02,0.24,0.42,13.01,0.9,24.65,0.83,0.12,0.08,0.97,2.08,2.77,0.75,2.91,3.35,5.44,3.68,6.29,0.83,0.55,1.68,1.84,1.61,0.56,2.28,0.55,3.24,0.97,3.72,0.02,0.12,2.81,15.25,0.83,0.06,0.39,3.61,0.03,0.25,0.36,0,0.22,0.71,3.83,0.55,0.6,0.77,0.44,0,109.85,0.49,0,6.5,0,5.5,0.19,0.74,4.03,1.28,0.33,0.51,5.31,0.09,1.95,14.54,42.63,20.18,0.94,0.57,0,0.03,241.05,421.14,318.63,310.24,617,881.4,1084.85,663.6,1005.53,0.07,0.02,0,2.03,0.6,0,248.59,0,0,437.33
398,443 Electronics & appliances stores,35,1.15,0.27,0,0,0.03,0.01,0.24,0.01,1.54,965.29,2.03,4.96,0,0.26,0,0.01,0.14,0.5,15.76,0.85,23.22,1.01,0.1,0.04,0.76,1.22,3.14,0.89,3.53,2.7,6.55,4.46,7.62,1,0.67,2.03,2.23,1.95,0.68,2.76,0.67,3.93,1.17,4.51,0.02,0.15,3.41,18.46,1,0.07,0.47,4.37,0.04,0.3,0.44,0,0.26,0.86,4.64,0.66,0.72,0.94,0.54,0,133.02,0.57,0,7.87,0,4.36,0.24,0.89,4.88,1.55,0.41,0.62,6.41,0.11,1.42,10.45,51.62,17.12,1.13,0.67,0,0.03,109.11,190.63,144.23,140.43,279.29,398.98,491.07,300.39,455.16,0.09,0.02,0,2.7,0,0,301.01,0,0,545.32
399,444 Bldg materials & garden dealers,35,2.36,0.52,0,0,0.1,0.04,0.49,0.02,2.93,2003.1,14.92,55.31,0,1,0,0.04,0.57,0.96,30.07,1.96,67.63,1.92,0.37,0.22,3.16,9.66,6.29,1.76,6.73,14.52,12.69,8.51,14.54,1.91,1.28,3.87,4.26,3.73,1.29,5.27,1.27,7.49,2.24,8.6,0.05,0.28,6.5,35.24,1.91,0.14,0.89,8.34,0.08,0.67,0.84,0,0.5,1.64,8.85,1.27,1.38,1.79,1.02,0,253.86,1.12,0,15.01,0,20.88,0.45,1.7,9.31,2.95,0.77,1.19,12.27,0.21,4.03,29.95,98.52,42.91,2.16,1.56,0,0.06,513.28,896.76,678.48,660.62,1313.81,1876.81,2310.04,1413.04,2141.13,0.17,0.04,0,4.97,0.54,0,574.48,0,0,34.26
400,445 food & beverage stores,35,0.28,0.07,0,0,0,0,0.04,0,0.38,87.41,4.46,8.37,0,0,0,0,0,0.43,9.83,0.29,11.2,0.89,0.36,0.05,0.82,1.33,1.43,0.73,2.59,3.53,6.29,2.87,0.9,0.35,0.24,0.71,1.84,0.69,0.24,0.97,0.23,0.15,0.41,1.59,0,0.1,0,9.55,0.29,0.04,0.23,0,0,0,0.35,0,0,0.66,2.19,0.39,0.47,0.5,0.28,0,49.1,0.23,0,5.03,0,5.24,0.17,0.25,2.92,0.96,0.14,0.27,0,0,0.17,8.81,6.99,14.64,0.75,0.26,0,0,1020.85,1783.54,1349.41,1313.87,2612.99,3732.73,4594.36,2810.34,4258.42,0,0,0,0.07,0.34,0,86.68,0,0,4817.36
401,446 Health & personal care stores,35,2.35,0.55,0,0,0.07,0.01,0.5,0.01,3.13,1933.65,3.71,5.1,0,0.46,0,0.02,0.28,1.03,32.16,1.73,43,2.06,0.18,0.07,1.49,2.43,6.41,1.82,7.2,5.15,13.35,9.1,15.54,2.04,1.37,4.14,4.56,3.98,1.38,5.64,1.36,8.01,2.39,9.2,0.05,0.3,6.95,37.68,2.05,0.15,0.95,8.92,0.08,0.6,0.9,0,0.54,1.75,9.46,1.35,1.47,1.91,1.09,0,271.45,1.17,0,16.05,0,9.08,0.48,1.82,9.96,3.16,0.83,1.27,13.1,0.22,2.9,21.24,105.34,34.86,2.31,1.35,0,0.07,478.34,835.71,632.29,615.64,1224.36,1749.03,2152.77,1316.83,1995.36,0.18,0.04,0,5.36,0.45,0,614.27,0,0,826.63
402,447 Gasoline stations,35,1.15,0.25,0,0,0.05,0.02,0.23,0.01,1.43,915.87,4.87,7.83,0,0.2,0,0.02,0.19,0.47,14.69,0.94,21.87,0.94,0.1,0.04,0.79,2.06,3.06,0.83,3.29,2.82,6.1,4.16,7.1,0.93,0.63,1.89,2.08,1.82,0.63,2.58,0.62,3.66,1.09,4.2,0.02,0.14,3.17,17.21,0.93,0.07,0.44,4.08,0.04,0.28,0.41,0,0.25,0.8,4.32,0.62,0.67,0.87,0.5,0,124,0.55,0,7.33,0,12.42,0.22,0.83,4.55,1.44,0.38,0.58,6.04,0.1,1.9,14.08,48.12,20.4,1.06,0.67,0,0.03,274.03,478.77,362.23,352.69,701.42,1002,1233.29,754.4,1143.11,0.08,0.02,0,2.45,0.18,0,280.6,0,0,30.48
403,448 Clothing & accessories stores,35,2.12,0.46,0,0,0.09,0.01,0.42,0.01,2.63,1626.76,4.5,3.36,0,0.38,0,0.03,0.36,0.86,26.98,1.77,37.94,1.73,0.18,0.06,1.35,2.86,5.65,1.53,6.04,4.56,11.22,7.64,13.04,1.71,1.15,3.48,3.82,3.34,1.16,4.73,1.14,6.72,2.01,7.72,0.04,0.25,5.83,31.61,1.72,0.13,0.8,7.49,0.07,0.5,0.76,0,0.45,1.47,7.94,1.14,1.23,1.61,0.92,0,227.76,1,0,13.47,0,7.18,0.4,1.53,8.36,2.65,0.69,1.07,10.99,0.19,3.65,27.15,88.39,38.78,1.94,1.12,0,0.06,569.93,995.73,753.36,733.53,1458.81,2083.95,2565,1568.99,2377.44,0.15,0.03,0,4.62,0,0,515.41,0,0,4323.33
404,451 Sports0 hobby0 book & music stores,35,0.78,0.18,0,0,0.03,0.01,0.16,0,1.01,624.87,2.8,2.39,0,0.14,0,0.01,0.11,0.33,10.36,0.6,16.1,0.66,0.06,0.03,0.59,1.7,2.1,0.59,2.32,2.4,4.31,2.93,5.01,0.66,0.44,1.34,1.47,1.28,0.45,1.82,0.44,2.58,0.77,2.96,0.02,0.1,2.24,12.14,0.66,0.05,0.31,2.88,0.03,0.19,0.29,0,0.17,0.57,3.05,0.44,0.47,0.62,0.35,0,87.48,0.38,0,5.17,0,4.32,0.15,0.59,3.21,1.02,0.27,0.41,4.23,0.07,1.1,8.1,33.95,12.51,0.75,0.44,0,0.02,169.57,296.26,224.15,218.25,434.04,620.04,763.17,466.82,707.36,0.06,0.01,0,1.67,0.31,0,197.97,0,0,378.22
405,452 General merch stores,35,1.02,0.62,0.03,0.01,0,0.03,0.08,0,0.61,301.1,9.63,15.78,0,0.47,0,0,0.18,1.05,33.71,0.81,16.86,1.94,0.69,0.12,1.67,6.24,6.91,1.49,8.9,6.6,11.24,9.32,2.33,1.04,0.7,2.11,5.24,2.03,0.7,2.87,0.69,0.27,1.22,4.68,0,0.19,0,29.38,0.53,0.15,0.42,0.7,0.19,0.54,0.95,0,0.78,1.82,10.55,1.45,1.6,2.1,1.15,0,106.83,2,0,16.79,0,19.55,0.47,7.85,9.56,3.15,0.62,1.5,0.52,0.31,0.62,29.36,76.92,44.16,2.81,1.45,0,0,1056.87,1846.46,1397.02,1360.23,2705.18,3864.42,4756.45,2909.49,4408.66,0.18,0,0,2.77,0.43,0,421.29,0,0,1.14
406,453 Misc retailers,35,1.38,0.3,0,0,0.06,0.01,0.27,0,1.69,1087.14,3.45,9.7,0,0.33,0,0.02,0.25,0.55,17.34,1.17,25.99,1.11,0.12,0.04,0.89,1.57,3.66,0.98,3.88,3.3,7.21,4.91,8.38,1.1,0.74,2.23,2.46,2.15,0.74,3.04,0.73,4.32,1.29,4.96,0.03,0.16,3.75,20.31,1.1,0.08,0.51,4.81,0.04,0.34,0.49,0,0.29,0.95,5.1,0.73,0.79,1.03,0.59,0,146.35,0.65,0,8.65,0,5.86,0.26,0.98,5.37,1.7,0.45,0.68,7.06,0.12,2.46,18.33,56.8,25.83,1.25,0.76,0,0.04,274.4,479.41,362.72,353.17,702.37,1003.35,1234.96,755.41,1144.65,0.1,0.02,0,0,9.11,0,331.19,0,0,1758.52
407,454 Non0store retailers,35,1.84,0.41,0,0,0.07,0.02,0.38,0,2.34,1460.62,6.13,13.33,0,0.44,0,0.02,0.28,0.77,24.03,1.47,33.12,1.54,0.15,0.05,1.18,1.92,4.94,1.36,5.38,4.05,9.98,6.8,11.62,1.52,1.02,3.1,3.4,2.98,1.03,4.21,1.02,5.99,1.79,6.87,0.04,0.22,5.19,28.15,1.53,0.11,0.71,6.67,0.06,0.47,0.67,0,0.4,1.31,7.07,1.01,1.1,1.43,0.82,0,202.84,0.89,0,11.99,0,10.12,0.36,1.36,7.44,2.36,0.62,0.95,9.8,0.17,2.86,21.17,78.71,31.46,1.73,1.06,0,0.05,1197.08,2091.43,1582.36,1540.69,3064.07,4377.12,5387.5,3295.5,4993.56,0.14,0.03,0,0,12.63,0,459.01,0,0,3341.45
408,481 Air transportation,36,23.21,5.23,0,0,10.11,0.36,1.53,2.46,42.33,237.44,202.21,61.47,3.73,2.6,7.75,1.45,23.08,29.05,50.19,17.08,122.95,58.63,47.75,16.62,92.63,76.86,280.27,13.87,93.22,30.08,75.44,478.85,9,4.1,2.75,8.32,7.97,8,2.77,11.32,2.73,20.59,4.81,18.47,0.78,1.29,8.28,199.86,6.47,0.14,116.39,86.61,9.14,117.32,102.39,34.55,130.26,197,229.31,126.53,171.67,285.91,103.03,8.25,202.51,72.02,12.19,1101.86,34.41,578.79,63.55,129.23,271.81,33.03,31.73,63.57,27.37,2.14,74.51,29.46,120.71,37.91,31.81,35.98,0,40.77,257.33,495.7,366.83,388.88,925.48,1420.58,2046.77,1466.65,3027.07,234.72,814.45,14.51,419.08,10.94,8.51,305.6,6.48,5631.4,569.48
409,482 Rail Transportation,36,51.37,31.75,0.32,0,11.02,2.26,37.97,0.86,111.01,138.14,395.44,52.41,2.19,0.52,0.37,0.26,28.02,81.14,8.6,42.36,283.47,55.49,115.15,104.68,47.53,21.35,58.42,18.58,50.73,14.49,19.41,11.83,0.5,0.32,0.21,0.65,1.54,0.62,0.22,0.88,0.21,0.24,0.37,1.44,4.63,4.95,0.87,181.02,3.22,0.2,2.94,10.86,0.49,2.38,0.63,0.57,16.98,1.83,0.87,0.5,0.42,0.21,2.17,0,76.47,1.81,0.7,48.81,2.42,21.85,2.8,1.91,16.34,8.5,1.61,3.88,0.86,0.07,2.03,2.85,37.06,5.67,1.49,0.9,0,8.18,18.54,30.03,22.93,24.28,44.7,68.28,89.02,50.99,80.09,21.32,17.03,0.88,23.7,181.77,3.46,123.96,10.99,529.25,9.57
410,483 Water transportation,36,55.25,31.75,0.02,0.01,5.5,4.36,5.7,0.81,6.93,175.68,363.87,39.58,1.02,0,0.24,0.08,0.99,6.23,0.75,11.92,54.14,3.23,35.35,20.44,7.54,3.67,34.13,6.87,6.69,1.78,6.79,4.2,0.75,0.14,0.1,0.29,0.77,0.28,0.1,0.39,0.09,0.18,0.17,0.64,5.85,1.08,1.14,9.1,2.5,3.14,2.61,5.29,0.24,0.43,0.32,0.25,3.26,0.78,0,0.09,0.21,0.17,0.05,0,48.78,1.57,0,116.77,2.22,4.68,1.74,1.91,8.33,6.37,1.31,2.44,1,0.1,2.05,1.64,19.86,1.83,1.79,0.72,0,7.51,40.7,76.77,54.14,62.83,145.38,209.55,283.99,185.31,324.42,5.99,57.43,0.29,0,122.93,0.25,2.64,25.05,2522.22,37.88
411,484 Truck transportation,36,222.78,256.8,8.48,0.04,53.08,5.75,16.76,9.18,19.17,2340.75,2931.69,475.39,31.99,23.59,78.32,6.38,120.25,186.52,73.72,454.31,580.32,192.64,283.7,212.94,310.77,273.72,1117.18,132.63,579.02,117.2,236.17,543.42,108.67,51.1,34.32,103.76,284.59,99.77,34.6,141.21,34.05,378.28,59.93,230.29,48.88,20.21,24.91,474.42,37.26,2.26,153.1,94.22,17.57,90.04,38.77,22.93,165.7,72.3,132.06,3.56,8.93,57.42,21.81,0.29,493.1,29.09,20.67,451.49,46.41,149.53,49.91,47.17,181.6,120.07,32.61,86.24,31.67,5.81,50.47,44.62,405.13,100.57,60.01,22.15,0,113.34,425.28,752.9,556.14,556.57,1116.61,1623.9,2094.98,1340.37,2138.85,62.73,440.01,64.72,627.52,0.58,104.05,2620.41,84.72,3329.8,210.82
412,485 Transit & ground passengers,36,0,0,0,0,0,0,0.21,0.86,11.32,54.24,38.21,15.02,0.75,0.65,2.09,0.37,6.74,8.12,15.39,4.37,13.01,14.27,13.88,3.95,27.4,22.24,52.38,2.08,15.66,8.48,28.37,62.94,1.31,0.71,0.47,1.43,0.67,1.38,0.48,1.95,0.47,0.13,0.83,3.18,0.16,16.96,0,0.31,29.85,0.04,0.84,0,0.19,40.2,29.43,11.38,57.14,115.75,69.86,68.92,86.11,93.68,73.02,2.97,134.88,35.08,0,603.89,12.12,243.42,20.41,66.65,142.53,62.87,42.98,18.12,371.74,0.15,10.39,12.97,50.3,9.32,8.85,18.39,0,9.89,309.84,394.67,190.12,222.4,465.39,614.14,923.69,659.83,1280.31,0.71,9.07,0,1787.95,0.74,0,0,0,0,212.7
413,486 Pipeline transportation,36,6.25,1.09,0.01,0,1.26,40.46,0.55,0.16,229.76,18.79,1.33,0.73,0.15,0.04,0,0,0.23,0.43,0.44,228.42,12.45,0.57,0.48,0.23,0.19,0.37,0.72,0.39,0.12,0.08,0.56,2.4,0.16,0.05,0.03,0.1,0.27,0.09,0.03,0.13,0.03,0.13,0.06,0.22,11.37,1.67,2.1,13.56,4.86,0.52,0.82,2.8,0.24,0.06,0,0,0.19,0.1,0,0.12,0.24,0.01,0,0,0.76,0.51,0,1.16,0.7,2.29,0.41,0.22,0.6,0.97,0.36,0.32,0.08,0.05,0.32,0.58,1.44,0.2,0.31,0.31,0,89.5,2.24,4.14,3.43,3.53,7.09,8.84,10.29,5,5.93,0.76,6.25,0,11.67,44.52,0,0,0.12,51.25,0.04
414,487 Sightseeing transportation,36,0,0,0,2.02,5.12,0.03,3.2,0.04,336.21,5.44,18.77,2.34,0,1.29,0,0,18.92,11.31,10.33,12.9,3.66,10.16,33.36,1.31,2.02,0.32,0,0.08,0.19,16.57,8.94,1952.52,60.22,31.57,21.2,64.1,45.76,61.63,21.37,87.24,21.04,115.6,37.02,142.27,2167.84,14.57,343.96,1583.31,41.32,6.27,1543.5,939.64,65.64,155.46,151.45,1.97,22.03,167.21,300.82,14.44,1.58,261.76,50.31,0,0,42.43,101.2,644.49,7.04,159.72,48.97,13.37,116.44,65.36,12.76,58.23,51.98,39.29,38.89,8.5,25.48,22.75,34.02,16.8,0,505.1,49.77,96.04,69.63,75.93,161.45,194.9,268.08,156.25,236.12,1.1,0,0,9.42,0.33,0,0,0,1191.51,4032.39
415,49A Postal service couriers & messengers,36,2.48,0.79,0,0.01,2.58,0,0.13,0,12.02,5.59,0,0,0.2,0,0,0,0,0,19.07,4.53,5.92,0.1,0,1.6,4.87,46.72,8.16,28.77,0,0,6.42,3632.98,89.18,57.31,38.49,116.37,95.06,111.89,38.8,158.37,38.19,184.61,67.21,258.28,0,0.07,125.75,2639.56,68.12,3.38,1940.55,629.75,166.38,286.81,289.68,0,40.62,321.82,560.78,46.09,29.48,486.49,92.74,0,5.79,79.6,193.19,1019.19,25.52,338.48,43.98,74.78,236.98,165.85,35.33,115.32,50.25,28.89,18.71,147.85,378.02,45.2,85.96,72.48,0,76.62,45.47,70.23,62.21,56.95,97.78,113.03,125.83,80.33,103.65,19.97,0.18,0,267,133.55,0,0,0,2325.27,379.27
416,493 Warehousing & storage,36,103.35,17.49,0,0,0,0.03,3.77,0,37.27,0,65.55,55.93,5.49,5.47,17.91,1.64,24.16,22.61,46.88,7.71,98.01,35.1,29.21,9.93,92.58,46.64,287.33,16.57,91.63,31.64,163.59,2285.8,201.28,127.96,85.95,259.83,808.75,249.83,86.64,353.61,85.28,1166.98,150.07,576.68,1.92,0,26.95,581.08,19.53,0.13,403.18,133.71,614.9,73.4,65.8,14.58,28.69,80.02,156.56,0,0,99.49,18.45,0,8.89,17.67,38.69,195.01,0.83,135.11,10.76,5.16,62.16,40.35,9.85,29.41,23.54,7.47,10.13,13.59,139.31,25.69,26.53,7.36,0,44.27,0.86,1.62,1.1,1.06,2.1,3.08,4.05,2.87,5.16,16.03,25.5,0,371.88,93.96,0,0,0,668.92,770.05
417,511 Publishing industries,45,10.94,3.89,0.08,0.01,5.28,1.44,1.73,2.89,28.04,161.01,38.08,15.85,1.24,1.15,6.02,0.75,5.58,7.87,13.46,3.74,41.67,12.36,10.72,3.88,30.41,21.93,162.65,6.27,35.27,9.49,43.37,372.24,26.16,14.03,9.42,28.49,30.07,27.39,9.5,38.77,9.35,23.87,16.46,63.23,15.46,5.77,4.91,12.75,17.5,1.13,13.37,10.04,14.5,1405.32,85.22,73.28,242.33,169.44,582,42.79,46.54,322.84,64.64,5.55,239.92,14.59,211.14,1404.5,396.34,300.02,10.51,78.92,246.89,121.35,26.56,151.35,43.86,3.57,55.38,36.3,85.95,26.48,65.87,48.66,0,192.17,445.34,706.94,608.04,573.98,1086.24,1517.47,2158.51,1482.89,1919.2,151.59,300.19,562.67,818.55,763.47,569.87,10067.09,40.17,940.26,14774.71
423,512 Motion picture & sound recording,45,0,0,0,0,0,0,0,0,0,0,0,0,0,0,0,0,0,0,0,0,0,0,0,0,0,0,0,0,0,0,0,7.52,20.84,0.01,0.01,0.02,19.35,0.02,0.01,0.03,0.01,0,0.01,0.05,4.9,0,0,0.16,0,0,1.87,0,0,11.82,6060.04,4055.11,3165.59,2.66,0,0.92,0,2.69,0.12,0,3.64,0.35,0,224.01,15.48,10.73,0,148.25,6.28,0.74,70.26,123.41,106.27,0,5.72,56.95,72.77,1.55,14.4,24.36,0,24.72,135.48,229.17,177.23,204.75,391.93,602.62,762.33,512.35,875.58,19.05,230.3,0,49.84,0,0,4580.18,14.53,13403.95,42704.04
425,515 Broadcasting,45,9.63,5.45,0.15,0.02,15.02,3.69,5,8.02,56.22,362.81,86.73,35.4,2.61,2.2,13.87,1.56,11.94,13.73,19.43,9.41,88.77,25.75,22.97,8.23,54.89,39.85,259.25,10.94,51.25,19.2,82.49,722.7,54.43,25.88,17.38,52.55,55.17,50.52,17.52,71.51,17.25,54.12,30.35,116.62,32.57,10.72,13.79,24.05,44.73,3.13,14.95,16.66,27.09,131.91,175.31,4955.33,3636.37,112.32,603.45,80.59,89.09,430.45,115.86,12.45,559.15,26.01,263.25,2313.79,520.01,331.21,20.6,42.41,276.03,198.63,46.19,63.16,99.66,6.14,127.15,71.68,198.87,40.36,50.4,57.64,0,244.43,113.36,136.11,99.18,112.65,207.36,254.61,322.28,283.16,395.46,92.39,489.42,846,532.69,557.6,202.33,6856.34,0,859.12,15384.76
427,517 Telecommunications,45,32.75,11.55,0.38,0,0.83,6.16,6.92,10.45,28.67,774.92,173.96,91.92,5.82,6.02,28.15,2.53,32.27,41.13,64.62,23.82,165.91,68.83,63.93,15.12,151.43,127.94,872.99,35.38,126.15,93.14,169.5,1906.83,151.08,63.22,42.47,128.38,99.52,123.44,42.81,174.72,42.13,69.92,74.15,284.94,95.83,2,58.75,215.82,114.64,3.57,76.4,77.83,116,212.64,320.79,211.25,11953.34,687.97,1035.61,91.54,387.39,1116.86,339.25,13.91,1414.4,134.05,418.76,3232.51,833.71,1321.16,60.86,295.84,955.67,404.28,116.77,291.74,165.8,11.07,113.37,145.12,471.14,235.28,203.35,181.92,0,167.01,2196.68,3887.68,3024.96,2969.55,5796.23,7326.47,8136.55,4080.77,4632.8,457.71,568.76,34.5,4214.78,132.06,8.25,734.78,0,724.67,9117.65
430,518 Internet & data process svcs,45,0.18,0.05,0,0,0,1.69,0.26,0.14,62.33,88.21,155.51,48.98,5.27,5.08,18.55,3.17,39.14,44.16,35.53,10.78,89.4,54.08,67.92,17.07,132.78,113.92,340.52,21.38,148.49,47.75,138.42,401.82,68.4,27,18.14,54.83,83.27,52.72,18.28,74.61,17.99,77.94,31.67,121.68,77.06,0.05,0,3.35,10.51,1.24,14.87,3.28,4.14,78.9,69.17,68.7,219.91,331.5,503.03,131.06,47.54,3072.15,128.9,13.35,85.87,7.91,18.16,1191.85,659.32,894.43,51.04,38.91,113.54,164.49,16.9,35.04,47.65,1.38,27.78,24.54,188.3,34.9,36.09,111.53,0,329.81,9.85,16.06,13.94,12.94,24.53,34.45,48.96,32.82,41.77,157.88,1715.14,6.44,1111.7,870.66,11.95,206.32,0.96,233.17,4727.7
431,519 Other information services,45,11.41,6.37,0.18,0.02,17.38,3.66,5.7,9.88,76.86,425.52,100.46,41.03,3.02,2.56,16.07,1.8,13.83,15.9,22.65,10.89,103.01,29.86,26.62,9.54,63.8,46.31,302.2,12.72,59.78,22.27,95.85,884.95,76.83,34.66,23.28,70.38,79.46,67.67,23.47,95.78,23.1,69.33,40.65,156.2,37.77,12.47,15.96,32.37,54.35,3.62,18.16,22.3,32.15,380.7,220.25,209.78,707.84,201.4,2361.5,107.54,115.27,667.78,169.73,20.38,659.55,40.42,1158.85,3654.49,753.56,885.65,41.67,367.91,378.75,259.55,63.19,148.65,152.5,8.47,181.67,107.98,310.65,80.89,292.13,131.27,0,406.53,171.83,247.59,215.1,248.88,468.83,657.52,865.99,638.57,987.64,124.08,673.9,988.35,966.38,1421.18,251.41,5092.89,1.39,3409.41,31600.1
433,521 Monetary authorities,51,231.85,53.95,0.29,0.05,23.16,6.06,12.36,14.27,342.86,594.26,281.08,97.72,7.14,5.16,21.76,2.67,17.54,20.95,24.27,20.06,66.45,83.33,77.96,27.62,134.95,93.97,208.56,25.35,73.63,36.6,122.89,716.62,55.81,42.59,28.61,86.49,88.38,83.16,28.84,117.71,28.39,34.63,49.95,191.96,100.22,40.83,26.75,348.1,159.34,3.57,40.2,101.44,35.05,232.55,293.08,44.4,382.99,181.54,195.66,1935.12,1095.53,1609,551.82,796.84,8591.93,206.16,1808.35,2861.52,499.37,628.05,33.6,80.59,705.3,214.37,140.11,182.41,52.75,3.13,99.56,48.86,127.82,120.72,83.32,192.25,0,1295.34,711.39,1728.18,1529.27,1215.6,2528.93,5095.73,5718.61,2054.91,2236.45,3.54,0,0,577.95,18.1,0,0,0,2178.24,329.09
434,522 Credit intermediation & related,51,77.9,5.56,0.56,0.03,13.15,13.4,13.51,10.36,22.19,538.36,137.19,62.74,4.11,3.72,21.57,2.75,18.48,22.97,31.47,19.1,62.95,31.01,39.25,12.48,62.92,58.63,208.86,28.61,49.69,21.56,48.15,1417.22,109.31,47.48,31.89,96.42,145.25,92.71,32.15,131.22,31.64,28.24,55.69,214,181.29,195.57,4.88,226.18,211.11,0.85,23.37,66.79,24.24,35.47,153.5,160.78,67.8,41.65,224.9,730.52,828.21,1633.82,106.56,78.41,5737.22,142.52,426.72,551.72,506.73,260.94,25.74,61.1,231.62,148.15,31.43,39.69,79.26,3.97,286.56,136.63,287.94,89.6,106.52,413.37,0,323,150.9,316.8,289.67,242.92,505.74,917.71,1059.65,485.96,644.49,2.4,6.23,0,212.16,123.22,0,0,0,1593.61,2019.65
435,523 Securities & other financial,51,28.32,26.33,0.08,0.05,16.68,1.54,34.53,54.05,67.76,381.66,76.5,25.89,2.25,1.5,8.52,1.22,9.07,10.28,19.47,13.19,17.9,24.94,25.67,65.04,261.09,215.94,301.27,43.15,200.56,74.57,233.56,418.17,33.47,15.18,10.2,30.82,44.65,29.63,10.28,41.95,10.12,7.14,17.8,68.41,50.06,156.8,172.22,140.26,74.28,2.85,46.79,24.76,9.51,89.04,103.34,46.26,77.26,35.7,102.26,4980.81,1085.79,6849.18,358.67,10160.95,781.46,34.02,487.33,1013.7,779.93,361.41,12.82,63.1,331.01,1719.69,72.86,1035.56,96.12,4.02,62.67,49.66,174.02,39.84,27.3,1857,0,1439.97,650.98,1580.48,1398.07,1111.86,2313.12,4657.93,5227.66,1881.21,2049.41,0.65,0,0,579.8,87.32,0,1.53,0,4795.19,3386.1
437,524 Insurance carriers & related,51,384.4,19.66,0.19,0.25,14.57,3.22,13,8.23,20.25,14.83,143.55,88.02,5.61,4.87,92.6,12.45,12.47,14.27,14.49,13.5,105.4,24.48,34.88,8.74,45.55,57.67,294.06,40.11,45.01,20.18,53.78,1779.71,117.57,36.61,24.59,74.34,96.38,71.48,24.79,101.18,24.4,40.08,42.94,165,38.99,0.65,55.87,778.27,346.3,1.81,106.09,150.62,57.98,91.16,332.97,8.03,28.06,62.6,179.83,47.86,1719.41,1991.46,19071.74,129.8,4495.83,211.25,279.87,1619.91,117.17,831.28,136.67,81.69,1797.16,2012.35,169.1,313.32,337.04,48.04,196.45,163.07,408.8,181.77,149.62,32.79,0,1244.42,975.69,1878.31,1406.55,1399.13,2927.03,4358.69,5080.04,3237.69,4567.21,326.85,0,0,1.81,3.18,0,795.38,0,1085.7,3198.18
439,525 Funds0 trusts & other finan,51,0,0,0,0,0,0,0,0,0,0,0,0,0,0,0,0,0,0,0,0,0,0,0,0,0,0,0,0,0,0,0,0,0,0,0,0,0,0,0,0,0,0,0,0,0,0,0,0,0,0,0,0,0,0,0,0,0,0,0,0,0,1086.6,535.63,140.72,0,0,0,0,0.43,0,0,0,0,0,0,0,0,0,0,0,0,0,0,0,0,0,603.24,1465.44,1296.76,1030.79,2144.44,4320.99,4849.17,1742.49,1896.42,0,0,0,0,0,0,0,0,0,1289.95
440,531 Real estate,56,1242.5,145.35,1.37,0,2.9,3.58,2.44,1.82,174.8,1316.31,46.53,32.61,1.56,6.55,18.77,2.12,17.65,14.76,23.06,1.37,13.39,25.48,16.69,3.48,91.13,12.51,21.72,11.65,8.74,34.28,25.31,7666.16,667.1,653.95,439.25,1327.93,1909.05,1276.82,442.77,1807.2,435.82,1572.74,766.96,2947.25,265.2,12.87,141.03,637.97,104.78,8.71,278.47,311.57,1349.67,448.64,643.81,485.98,3578.35,657.96,2094.51,102.27,632.56,3200.62,733.69,46.63,22740.19,860.39,463.59,17521.05,1830.82,2315.15,188.1,2674.47,8325.6,1847.63,2138.79,3253.35,1184.29,288.43,2510.64,422.33,5972.75,2085.46,2160.9,1681.69,0,709.51,10666.75,16938.26,12260.07,12490.57,25774.63,36586.45,45987.07,27296.43,45581.23,965.08,39.97,0,4394.12,132.22,0,13446.5,0,754.51,86764.62
442,532 Rental & leasing svcs,56,222.52,6.45,1.76,0,24,42.15,30.72,27.57,17.48,1590.92,98.43,28.33,1.41,1.34,4.58,0.32,12.01,16.53,30.99,14.05,51.59,23.92,32.83,8.25,57.13,52.13,169.22,10.15,42.41,13.31,22.67,886.32,27.29,14.27,9.58,28.97,35.76,27.86,9.66,39.43,9.51,17.18,16.73,64.3,597.18,112.97,2.94,708.86,213.79,0.38,32.32,104.8,59.97,55.24,335.92,552.4,131.1,92.65,633.9,0.94,0.89,150.03,60.43,0.72,172.69,232.08,123.77,753.36,409.41,242.2,72.65,128.96,521.83,343.58,45.9,53.8,116.17,3.8,55.54,47.29,112.26,67.54,137.38,25.56,0,59.06,225.48,370.61,361.18,332.16,692.36,1034.37,1266.71,829.58,1314.33,7.87,22.17,0,676.76,182.96,0,0,0,664.12,1350.87
446,533 Lessor of nonfinance intang assets,56,18.33,0,0.02,0,8.09,28.49,14.06,12.5,32.63,133.15,214.61,632.25,6.24,0,74.88,4.21,10.25,75.07,44.67,37.7,495.67,59.29,56.52,20.42,221.18,184.6,1480.14,58.71,275.1,12.12,310.81,879.21,26.37,42.39,28.47,86.07,87.81,82.76,28.7,117.14,28.25,52.64,49.71,191.04,49.05,1.15,0.1,207.08,0,0,20.33,8.13,10.07,433.17,22.06,462.98,318.96,1287.58,117.96,33.79,91.7,445.5,102.81,0,62.66,54.57,225.67,1781.12,1184.17,402.57,77.91,89.18,132.82,19.87,0.19,19.67,153.99,0.13,68.02,80.96,723.65,6.44,21.03,0.6,0,101.25,0,0,0,0,0,0,0,0,0,0,0,0,0,0,0,0,0,9536.43,6366.85
447,541 Professional0 scientific & tech svcs,60,142.07,80.29,2.26,0.27,221.31,46.41,72.62,118.29,829.23,5349.16,1279.04,522.02,38.47,32.49,205.03,22.93,176.08,202.61,287.08,138.81,1308.99,379.8,338.82,121.52,810.35,587.84,3826.41,161.36,756.62,283.01,1216.12,10661.88,802.63,381.62,256.33,774.92,813.81,745.09,258.38,1054.6,254.33,797.93,447.56,1719.88,480.76,158.08,203.64,356.17,660.01,46.15,221.29,246.71,400.15,1945.7,2584.8,2592.3,8121.48,1658.48,8898.96,1188.78,1314.14,6348.4,1709.16,183.53,8289.53,383.76,3887.07,33817.09,7665.34,4891.16,304.46,625.98,4076.89,2933.19,682.03,932.21,1470.42,90.56,1874.38,1057.34,2933.09,595.64,743.56,850.39,0,3599.64,965.89,938.22,675.99,988.95,1692.51,1980.04,2738.04,3062.74,4504.51,1354.79,7059.17,12466.64,7634.27,993.85,2981.46,61053.51,0,12601.35,94040.69
461,551 Management of companies,64,0,0,0,0,0,166.82,57.45,27.18,0,291.79,2270.6,1950.05,90.84,19.51,234.14,13.03,202.36,366.6,255.56,426.29,6132.87,378.92,412.26,121.61,642.7,623.43,5146.85,301.75,2363.81,178.78,1283.86,6609.59,24.25,128.55,86.35,261.04,219.8,250.99,87.04,355.25,85.67,1655.12,150.76,579.35,61.19,0,34.8,515.85,30.52,0,216.26,90.72,34.15,274.53,79.15,196.34,85.7,89.74,840.67,149.83,769.02,2654.64,156.03,17.02,254.29,284.37,3.66,3161.55,0,1891.22,190.03,72.76,2863.19,412.8,193.08,284.35,327.42,1.16,155.42,429.23,4091.62,477.15,313.74,0,0,0,0,0,0,0,0,0,0,0,0,0,0,0,0,0,0,0,0,8166.55,4.55
462,561 Admin support svcs,65,36.74,17.88,0.22,0.03,18.94,1.88,9.66,23.32,275.94,1051.1,367.24,126.43,15.9,6.67,213.81,6.28,57.01,107.17,300.46,73.02,316.18,132.48,138.53,86.52,546.45,204.83,2242.65,82.29,513.39,52.41,195.63,4512,210.83,110.57,74.27,224.52,313.37,215.88,74.86,305.55,73.69,135.63,129.67,498.31,281.74,48.54,140.74,631.21,297.37,18.22,386.74,450.43,373.62,725.19,509.43,364.83,2015.23,1228.44,2446.41,468.5,465,1965.25,713.52,5.74,18450.38,172.81,2892.48,14481.05,922.35,3897.17,349.83,372.09,3431.27,2303.08,490.7,536.51,681.34,31.7,280.72,400.31,938.92,306.1,342.95,375.64,0,1414.32,211.81,358.43,248.61,260.09,546.79,809.05,1100.61,933.6,2492.57,256.3,1734.68,19.7,3764.05,2052.62,4.71,99.26,0,351.67,3403.56
471,562 Waste mgmt & remediation svcs,65,2.96,0.04,0.04,0,0.01,7.94,5.01,1.55,23.93,266.62,194.28,93.14,6.03,3.01,8.53,0.98,13.02,29.99,16.45,32.07,247.23,31.65,37.11,15.4,57.38,30.58,202.16,16.38,55.51,17.53,40.77,245.77,37.11,11.96,8.03,24.28,71.31,23.35,8.1,33.04,7.97,25.55,14.02,53.89,20.15,2.45,244.26,45.92,228.65,1.75,147.7,3.13,48,8.8,14.98,6.49,29.26,12.39,25.98,0.57,0.07,21.47,40.52,0.02,1301.45,8.11,111.61,210.41,86.92,171.1,947.05,76.76,175.39,120.85,72.21,72.11,24.17,2.9,65.68,120.11,243.56,36.63,50.51,55.53,0,475.04,85.31,152.76,110.7,108.16,211.81,277.4,311.88,159.92,201.75,15.98,41.58,0,1927.77,0,0.57,0.66,0.01,117.61,747.3
472,611 Educational svcs,69,11.58,2.99,0,0.2,9.51,0,0,0,4.49,2.17,0,0,0,0,0,0,0,0,3.29,0.25,0,0.08,0,0,0,0,0,0,0,0,0,55.17,1.19,12.29,8.25,24.95,33.4,23.99,8.32,33.95,8.19,0,14.41,55.37,2.75,0.57,0,0,0.16,0.09,1.08,0,0,0,0,0,15.11,11.3,0,0.32,1.85,0.5,0,0,0,0,0,5.82,0,11.21,0,130.73,0.58,5.42,0,0,116.59,6.54,10.97,0,0,0,0.24,113.01,0,1.61,1552.84,1616.43,957.75,970.24,2268.65,3256.18,5599.51,5225.11,9091.43,8.69,52.01,0,741.62,0,0,0,0,219.28,1371.82
475,621 Ambulatory health care,70,0,0,0,0,0,0,0,0,0,0,0,0,0,0,0,0,0,0,0,0,0,0,0,0,0,0,0,0,0,0,0,0,0,0,0,0,0,0,0,0,0,0,0,0,0,0,0,0,0,0,0,0,0,0,0,0,0,0,0,0,0,0,0,0,0,0,0,28.65,0,5.12,0,0,858.21,785.95,3.24,0,7.02,0,0.13,0,0,0,0,2.54,0,0,2983.58,7868.44,5049.52,5481.85,11273.06,16275.81,21659.86,13368.44,17829.85,72.65,0,0,251.64,0,0,0,0,10.82,25188.85
482,622 Hospitals,70,0,0,0,0,0,0,0,0,0,0,0,0,0,0,0,0,0,0,0,0,0,0,0,0,0,0,0,0,0,0,0,0,0,0,0,0,0,0,0,0,0,0,0,0,0,0,0,0,0,0,0,0,0,0,0,0,0,0,0,0,0,0,0,0,0,0,0,0,0,0,0,0,0,68.68,0,0,0,0,0,0,0,0,0,0,0,0,5318.41,6366.29,3440.77,3201.44,8769.75,13246.39,14357.13,10111.73,7268.26,0,0,0,0,0,0,0,0,57.37,73.21
483,623 Nursing & residential care,70,0,0,0,0,0,0,0,0,0,0,0,0,0,0,0,0,0,0,0,0,0,0,0,0,0,0,0,0,0,0,0,0,0,0,0,0,0,0,0,0,0,0,0,0,0,0,0,0,0,0,0,0,0,0,0,0,0,0,0,0,0,0,0,0,0,0,0,0,0,0,0,0,0,0,0,0,0,0,0,0,0,0,0,0,0,0,1392.51,6450.53,2791.96,749,870.53,2377.74,2757.05,1420.42,2192.12,192.75,0,0,41.11,0,0,0,0,0,0
485,624 Social assistance,70,0,0,0,0,0,0,0,0,0,0,0,0,0,0,0,0,0,0,0,0,0,0,0,0,0,0,0,0,0,0,0,0,0,0,0,0,0,0,0,0,0,0,0,0,0,0,0,0,0,0,0,0,0,0,0,0,0,0,0,0,0,0,0,0,0,0,0,0,0,0,0,0,0,0,0,0,0,0,0,0,0,0,0,0,0,0,891.9,1656.93,1281.07,986.86,2183.03,3265.13,4168.06,2654.3,5431.68,6.74,0,0,214.64,0,0,0,0,0,11380.68
488,711 Performing arts & spectator sports,76,9.33,3.42,0.03,0,0,0,0,0.11,5.27,34.86,36.13,9.76,1.09,0.7,3.83,0.25,6.41,7.28,8.17,5.9,7.33,11.91,9.1,3.54,16.1,13.75,19.65,1.09,10.07,3.69,13.69,187.42,22.75,5.67,3.81,11.51,32.18,11.06,3.84,15.66,3.78,2.5,6.65,25.54,4.94,21.21,0,11.86,2.63,0,17.41,3.27,8.11,38.44,2425.75,2668.31,572.55,44.86,44.65,72,47.95,50.88,32.49,5.08,129.81,27.23,0,811.77,307.28,260.44,12.51,69.76,76.99,44.94,18.17,51.08,3368.7,0.78,161.3,33.82,275.03,13.45,111.24,22.6,0,12.78,213.06,363.12,276.96,283.61,680.66,1138.28,1571.54,1124.52,2697.51,11.85,138.81,0,0,349.59,0,585.7,0,640.68,11040.4
493,712 Museums & similar,76,0,0,0,0,0,0,0,0,0,0,0,0,0,0,0,0,0,0,0,0,0,0,0,0,0,0,0,0,0,0,0,0,0,0,0,0,0,0,0,0,0,0,0,0,0,0,0,0,0,0,0,0,0,0,0,0,0,0,0,0,0,0,0,0,0,0,0,0,0,0,0,0,0,0,0,0,0,0,0,0,0,0,0,0,0,0,76.69,113.69,91.64,81.64,174.31,247.66,294.57,180.11,261.38,0,0,0,0,0,0,0,0,0,186.45
494,713 Amusement0 gambling & recreation,76,4.22,2.23,0,0,0.45,0,0.08,0.41,4.54,17.4,11.67,4.63,0.19,0.17,0.61,0.09,2.11,2.53,4.92,1.27,3.56,4.53,4.28,1.03,8.63,6.24,15.76,0.29,4.63,2.67,8.06,56.54,0.23,3.99,2.68,8.1,7.05,7.79,2.7,11.02,2.66,0,4.68,17.97,0,0.06,0,0.11,0.18,0,0.89,0,0.13,13.51,9.71,3.58,18.07,37.05,21.68,22.53,28.41,30.52,18.93,0.96,28.7,7.46,0,179.92,75.91,97.56,6.93,20.66,48.65,1.58,5.55,11.75,12.59,0,3.84,30.4,28.51,2.95,4.22,5.78,0,52.01,425.05,1632.18,1629.44,582.98,1657.71,2659.48,4799.78,1377.42,3091.78,0.51,70.07,0,105.68,50.17,0,0,0,0,3239.61
499,721 Accommodations,79,3.51,0.42,0,0,0.01,0.01,0.08,0.24,5.81,28.86,10.3,4.08,0.21,0.2,0.64,0.09,1.91,2.25,8.35,1.23,3.52,5.5,3.8,1.05,7.99,6.12,14.76,0.56,4.33,2.48,7.8,41.61,2.04,2.29,1.54,4.64,7.29,4.47,1.55,6.32,1.52,4.46,2.68,10.31,0.79,0.13,0.4,1.86,2.48,0.06,3.84,2.06,5.07,14.92,12.56,5.26,28.65,40.81,28.49,23.27,30.93,40.64,20.63,1.12,94.2,10.52,7.98,220.76,14.68,82.99,10.94,22.35,58.76,6.84,9.3,15.31,6.33,0.83,10.3,5.3,37.09,9.01,8.8,10.61,0,9.68,82.05,145.36,103.1,121.38,257.86,447.63,638.67,490.74,1018.22,14.99,26.08,0,68.72,41.25,0,37.83,0,2.12,15265.18
501,722 Food svcs & drinking places,79,19.08,7.03,0,0,0,0.05,0.67,15.91,117.14,202.58,206.29,68.47,5.6,4.13,19.73,2.03,39.06,46.09,67.57,34.52,61.14,70.08,66.87,22.57,127.92,105.06,210.7,11.81,76.63,36.69,122.94,624.58,34.71,14.7,9.87,29.84,46.46,28.69,9.95,40.61,9.79,11.51,17.23,66.23,281.42,0.51,0,75.06,8.94,0.26,8.65,77.63,4.87,141.54,133.26,35.84,180.02,378.87,263.65,518.07,364.38,304.07,252.15,27.33,723.41,131.9,104.22,2973.32,306.57,1109.57,90.25,167.07,1072.81,557.24,111.06,274.31,39.75,4.44,55.14,292.43,384.5,81.65,71.89,67.76,0,92.27,3229.87,5159.12,3993.71,3950.96,8977.88,14270.25,17430.54,11117.12,14854.87,36.71,135.8,0,2353.16,779.83,0,0,0,270.96,11984.86
504,811 Repair & maintenance,82,27.44,5.66,5.06,0,0,0.37,1.76,9.34,35.57,683.34,235.95,79.29,5.87,4.21,12.41,1.42,27.03,67.75,43.69,52.69,211.65,60.04,72.24,39.51,116.37,70.27,561.28,32.28,94.67,22.86,71.14,1845.28,92.79,44.7,30.03,90.77,253.27,87.28,30.27,123.53,29.79,83.22,52.43,201.46,3.1,2.96,6.58,102.55,11.35,2.39,80.31,45.42,207.01,79.58,38.89,77.7,743.32,321.33,247.18,276.5,61.4,234.04,50.05,1.68,609.95,469.98,26.54,1288.51,516.24,907.93,203.39,192.22,517.89,796.59,60.69,102.4,85.64,9.3,124.89,104.53,779.36,149.65,109.38,43.81,0,364.52,771.9,1557.45,1281.76,1239.47,2605.97,3313.49,4288.98,2489.36,2884.23,42.76,146.18,0,1129.86,1419.14,0,0,0,8.76,5514.44
509,812 Personal & laundry svcs,82,0,0,0,0,9.84,0,0,0,0.25,0,0.21,0,1.01,0.36,0.33,0,0.23,0.12,0,0.09,0.06,0.24,5.06,1.79,13.92,1.88,0,0,7.46,0,3.77,241.15,12.58,2.6,1.74,5.27,5.21,5.07,1.76,7.18,1.73,0.49,3.05,11.7,0.84,0.8,0,8.87,81.14,0,61.34,15.2,13.18,3.56,3.87,1.41,60.27,0.36,0,3.66,12.23,11.69,0.93,0,7.9,4.64,0,295.6,0.19,63.09,1.13,36.57,117.24,198.97,74.28,50.47,40.77,0.11,65.49,51.06,65.58,71.5,258.06,5.59,0,10.82,912.6,1346.64,1087.28,753.68,1870.01,2630.23,3363.36,2040,2839.25,4.55,4.66,0,451.5,0.54,0,0,0,0,3114.98
513,813 Religious0 grantmaking0 & similar orgs,82,31.07,5.9,0,0,0.16,0.57,1.02,1.21,22.11,131.82,26.78,7.61,0.83,0.6,1.91,0.22,5.7,6.56,6.08,6.69,4.91,8.99,7.94,2.73,14.19,8.76,13.69,1.16,5.88,4.76,12.52,83.01,5.14,5.37,3.61,10.91,7.32,10.49,3.64,14.85,3.58,1.38,6.3,24.22,11.71,2.04,0.15,34.07,3.75,0.37,4.03,9.49,3.25,21.19,26.29,5.29,73.24,18.5,39.75,215.75,107.07,21.03,52.97,3.56,40.22,9.96,204.47,408.51,184.99,70.25,5.98,23.44,123.83,28.03,25.23,8.78,45.24,0.19,4.22,3.83,35.92,20.81,53.9,51.01,0,27.76,1057.27,1616.35,1304.09,1122.71,2588.03,3502.68,4507.6,2696.74,3639.7,1.03,5.24,9.26,8.74,0.73,2.22,45.37,0,53.79,2566.05
517,814 Private households,82,0,0,0,0,0,0,0,0,0,0,0,0,0,0,0,0,0,0,0,0,0,0,0,0,0,0,0,0,0,0,0,0,0,0,0,0,0,0,0,0,0,0,0,0,0,0,0,0,0,0,0,0,0,0,0,0,0,0,0,0,0,0,0,0,0,0,0,0,0,0,0,0,0,0,0,0,0,0,0,0,0,0,0,0,0,0,104.89,198.15,134.55,129.14,256.82,376.7,495.06,350.42,629.82,0,0,0,0,0,0,0,0,0,1898.03
520,92 Government,83,49.99,9.05,0.06,0.24,2.68,3.76,6.65,0.67,1508.7,170.73,206.76,81.2,7.76,3.44,8.94,1.07,18.67,50.94,21.73,40.77,283.87,44.54,61.56,28.48,66.8,33.46,227,19.23,58.89,16.08,40.05,545.06,40.33,24.58,16.51,49.9,121.45,47.98,16.64,67.92,16.38,72.01,28.82,110.76,257.14,2.06,48.87,206.48,23.19,1.22,195.8,138.19,76.68,38.23,50.31,21.84,104.14,61.2,93.7,32.57,182.67,536.53,35.19,0.94,881.76,97.68,66.63,670.61,149.13,248.05,28.07,124.52,242.67,133.2,82.56,326.46,45.68,11.36,72.19,127.78,341.78,66.28,85.45,64.91,0,334.32,778.46,1867.52,1599.35,964.01,2234.54,3201.67,4666.24,1767.29,3047.86,20033.59,57747.9,0,109844.22,107080.81,0,178.59,0.01,182.24,22613.26
5001,Employee Compensation,,7144.43,438.07,151.41,49.71,9528.64,2115.76,482.08,986.35,12564.72,52774.23,10354.28,4317.59,363.72,467.35,2178.19,157.5,1361.43,1759.89,2605.73,2823.18,11165.03,2857.78,2368.62,1378.29,9211.66,7823.39,47718.85,3104.59,13223.4,1946.06,8057.98,66169.91,8755.77,2463.55,3700.12,5593.48,11746.52,6087.83,1881.78,5487.77,1991.01,9949.05,3599.3,5025.96,6067.38,1368.78,716.11,7872.77,5177.12,289.67,6941.73,10175.04,6113.54,17495.19,19265.81,5861.35,9734.98,9215.56,28533.78,14387.39,14146.15,25329.83,22340.55,2615.33,16365.88,4256.15,852.91,177916.17,34028.53,52967.5,3734.98,20363.23,66529.55,37782.18,12529.86,17389.03,10862.66,893.9,6974,6758.65,41904.6,14693.12,6247.77,16528.91,4573.58,252935.82,0,0,0,0,0,0,0,0,0,0,0,0,0,0,0,0,0,0,0
6001,Proprietary Income,,7342.42,1766.7,46.94,117.92,721.63,1077,5.54,189.26,800.79,20745.22,614.48,914.08,13.7,8.35,270.13,5.64,-12.26,169.4,277.71,16.54,371.59,213.99,53.48,-185.17,401.5,227.33,5.34,11.52,202.66,257.43,109.6,3280.84,996.28,414.47,198.69,517.43,2187.94,682.04,3451.97,862.42,553.04,86.13,2251.02,1821.37,258.44,-5.48,-1.64,6097.1,1168.37,76.43,1559.55,357.79,232.63,246.89,259.07,13855.32,18.15,157.12,23.81,32.35,553.1,1615.33,1341.95,924.61,24725.58,2917.29,378.57,34030.28,-5.78,1375.07,31.08,985.31,9584.86,812.93,549.62,2507.4,6254.15,15.47,419.38,478.06,5417.58,10303.93,10138.44,324.48,0,0,0,0,0,0,0,0,0,0,0,0,0,0,0,0,0,0,0,0,0
7001,Other Property Income,,3692.23,1089.15,-4.15,51.65,485.21,1701.45,786.41,295.68,12426.69,32615.17,6968.68,2715.53,129.07,124.07,389.65,-5.3,603.65,975.82,773.62,13743.04,37482.32,1399.41,1210.4,407.73,3986.61,3373.2,38499.94,934.64,6745.66,379.22,4466.43,34645.09,2210.8,828.78,-1618.97,1673.43,3151.98,1176.99,46.62,3871.66,345.05,1503.02,-258.58,10242.28,4904.43,493.89,1123.13,1755.35,-2772.35,30.45,2068.89,2662.7,1621.22,19004.32,40635.5,7022.75,30826.95,215.64,6035.13,27770.01,-10.01,115.09,10785.75,6486,269753.7,6402.16,14230.52,41145.74,6929.01,11958.59,1739.47,1522.64,8802.91,7175.64,630.18,1868.62,5260.29,-21.08,5511.44,4392.52,15089.11,1203.44,-3011.96,1367.67,0,69487.08,0,0,0,0,0,0,0,0,0,0,0,0,0,0,0,0,0,0,0
8001,Indirect Business Taxes,,217.14,-554.66,16.37,46,262.22,1062.82,91.37,193.23,6529.2,1412.37,1632.33,3068.54,27.84,44.42,47.75,1.55,32.52,89.48,55.11,719.45,1657.4,80.94,97.27,97.75,247.14,197.3,2051.83,52.43,339.91,25.98,420.76,37421.53,4696.74,1142.75,719.87,2340.4,3556.36,2240.73,813.35,2994.86,778.2,5981.68,1366.83,4852.81,3103,-276.93,70.64,359.73,257.38,113.92,223.73,100.56,121.43,353.13,1836.96,60.94,932.69,168.94,556.24,1037.99,825.7,553.79,4830.96,80.17,28211.81,837.44,269.72,4082.21,515.5,686.87,749.46,792.96,1746.36,335.09,404.19,180.47,342.92,12.81,723.25,1047.19,6515.91,5627.95,993.65,994.63,0,-3386.43,0,0,0,0,0,0,0,0,0,0,0,0,0,0,0,0,0,0,0
10001,Households LT10k,,0.11,0.1,0,0,0.04,0.06,0,0.02,0.13,1.1,0.87,0.47,0.01,0.02,0.05,0,0.04,0.55,0.1,0.62,1.07,0.17,0.12,2.4,0.33,0.29,2.74,0.14,0.65,0.05,0.33,1.77,0.02,0.04,0.02,0.07,0.18,0.07,0.02,0.1,0.02,0.16,0.04,0.16,5.68,0.05,0.77,0.28,0.01,0,0.22,0.47,0.03,0.32,0.35,0.47,6.3,0.22,14.38,0.27,0.2,1.95,0.39,0.07,1.45,0.15,0.22,2.25,1.19,0.69,0.05,0.24,0.01,0,0.05,0,0.15,0.01,0.24,0.3,0.68,0.12,0.61,0,0,1.01,0,0,0,0,0,0,0,0,0,0,0,0,0,0,0,0,0,0,0
10002,Households 10015k,,0.24,0.23,0,0,0.09,0.13,0.01,0.04,0.3,2.51,1.98,1.06,0.02,0.04,0.11,0,0.09,1.25,0.22,1.42,2.43,0.39,0.27,5.45,0.76,0.67,6.23,0.32,1.48,0.12,0.75,4.03,0.05,0.08,0.05,0.16,0.42,0.16,0.05,0.22,0.05,0.37,0.09,0.36,12.91,0.1,1.76,0.64,0.01,0.01,0.5,1.08,0.07,0.72,0.8,1.07,14.33,0.49,32.69,0.62,0.45,4.42,0.89,0.15,3.3,0.34,0.49,5.13,2.72,1.58,0.11,0.55,0.01,0,0.12,0,0.34,0.01,0.55,0.68,1.54,0.28,1.4,0.01,0,2.29,0,0,0,0,0,0,0,0,0,0,0,0,0,0,0,0,0,0,0
10003,Households 15025k,,0.16,0.15,0,0,0.06,0.09,0,0.02,0.2,1.68,1.32,0.71,0.01,0.03,0.07,0,0.06,0.84,0.15,0.95,1.62,0.26,0.18,3.64,0.51,0.45,4.16,0.21,0.99,0.08,0.5,2.69,0.03,0.05,0.04,0.11,0.28,0.1,0.04,0.15,0.04,0.25,0.06,0.24,8.62,0.07,1.17,0.43,0.01,0.01,0.34,0.72,0.05,0.48,0.53,0.72,9.57,0.33,21.83,0.41,0.3,2.95,0.6,0.1,2.2,0.23,0.33,3.42,1.81,1.05,0.07,0.37,0.01,0,0.08,0,0.23,0.01,0.37,0.45,1.03,0.19,0.93,0,0,1.53,0,0,0,0,0,0,0,0,0,0,0,0,0,0,0,0,0,0,0
10004,Households 25035k,,0.21,0.2,0,0,0.08,0.11,0,0.03,0.26,2.15,1.7,0.91,0.01,0.03,0.09,0,0.07,1.07,0.19,1.21,2.08,0.33,0.23,4.67,0.65,0.57,5.33,0.27,1.26,0.1,0.65,3.45,0.04,0.07,0.05,0.14,0.36,0.13,0.05,0.19,0.05,0.31,0.08,0.31,11.06,0.09,1.51,0.55,0.01,0.01,0.43,0.92,0.06,0.62,0.68,0.92,12.28,0.42,28,0.53,0.38,3.79,0.77,0.13,2.82,0.29,0.42,4.39,2.33,1.35,0.09,0.48,0.01,0,0.11,0,0.29,0.01,0.47,0.58,1.32,0.24,1.2,0,0,1.96,0,0,0,0,0,0,0,0,0,0,0,0,0,0,0,0,0,0,0
10005,Households 35050k,,0.49,0.46,0.01,0,0.18,0.26,0.01,0.08,0.61,5.09,4.02,2.16,0.03,0.08,0.22,0,0.18,2.54,0.46,2.87,4.92,0.79,0.55,11.05,1.54,1.36,12.63,0.65,2.99,0.24,1.53,8.16,0.09,0.16,0.11,0.33,0.85,0.32,0.11,0.45,0.11,0.74,0.19,0.73,26.19,0.21,3.57,1.3,0.03,0.02,1.02,2.18,0.15,1.46,1.62,2.17,29.08,1,66.32,1.26,0.91,8.97,1.82,0.3,6.69,0.69,1,10.4,5.51,3.2,0.22,1.13,0.03,0,0.25,0,0.7,0.02,1.11,1.37,3.13,0.57,2.83,0.01,0,4.65,0,0,0,0,0,0,0,0,0,0,0,0,0,0,0,0,0,0,0
10006,Households 50075k,,0.77,0.72,0.01,0,0.28,0.41,0.02,0.12,0.95,7.97,6.29,3.37,0.05,0.12,0.35,0,0.28,3.97,0.71,4.49,7.71,1.23,0.86,17.3,2.42,2.13,19.77,1.01,4.68,0.37,2.39,12.78,0.15,0.25,0.17,0.52,1.33,0.5,0.17,0.7,0.17,1.17,0.3,1.15,40.99,0.33,5.58,2.04,0.04,0.03,1.6,3.42,0.23,2.28,2.53,3.4,45.51,1.57,103.8,1.97,1.43,14.04,2.84,0.47,10.47,1.07,1.57,16.28,8.63,5.01,0.35,1.76,0.04,0,0.39,0,1.09,0.04,1.74,2.15,4.9,0.89,4.43,0.02,0,7.27,0,0,0,0,0,0,0,0,0,0,0,0,0,0,0,0,0,0,0
10007,Households 750100k,,1.21,1.13,0.02,0,0.44,0.65,0.03,0.19,1.49,12.48,9.85,5.28,0.08,0.19,0.55,0,0.43,6.22,1.12,7.04,12.07,1.93,1.35,27.09,3.78,3.33,30.95,1.59,7.33,0.58,3.75,20.01,0.23,0.4,0.27,0.81,2.08,0.78,0.27,1.1,0.27,1.83,0.47,1.8,64.18,0.52,8.74,3.2,0.07,0.05,2.5,5.35,0.36,3.57,3.96,5.33,71.26,2.46,162.51,3.09,2.23,21.99,4.45,0.74,16.39,1.68,2.45,25.49,13.51,7.85,0.54,2.76,0.06,0,0.61,0,1.71,0.06,2.73,3.36,7.68,1.4,6.94,0.03,0,11.38,0,0,0,0,0,0,0,0,0,0,0,0,0,0,0,0,0,0,0
10008,Households 1000150k,,0.93,0.87,0.02,0,0.34,0.5,0.02,0.14,1.15,9.62,7.6,4.07,0.06,0.15,0.42,0,0.33,4.79,0.86,5.42,9.3,1.49,1.04,20.88,2.92,2.57,23.86,1.22,5.65,0.45,2.89,15.42,0.18,0.31,0.21,0.62,1.61,0.6,0.21,0.85,0.2,1.41,0.36,1.39,49.48,0.4,6.74,2.46,0.05,0.04,1.93,4.13,0.28,2.75,3.05,4.11,54.93,1.9,125.27,2.38,1.72,16.95,3.43,0.57,12.63,1.3,1.89,19.65,10.41,6.05,0.42,2.13,0.05,0,0.47,0,1.32,0.05,2.11,2.59,5.92,1.08,5.35,0.02,0,8.78,0,0,0,0,0,0,0,0,0,0,0,0,0,0,0,0,0,0,0
10009,Households 150k+,,2.15,2.01,0.04,0,0.78,1.15,0.05,0.33,2.65,22.19,17.53,9.4,0.15,0.34,0.98,0,0.77,11.06,1.99,12.52,21.47,3.43,2.41,48.19,6.73,5.92,55.06,2.83,13.05,1.04,6.67,35.59,0.41,0.71,0.48,1.44,3.7,1.39,0.48,1.96,0.47,3.25,0.83,3.2,114.18,0.93,15.55,5.69,0.12,0.09,4.45,9.52,0.64,6.36,7.05,9.48,126.76,4.37,289.09,5.49,3.97,39.11,7.91,1.31,29.15,2.99,4.36,45.35,24.03,13.96,0.96,4.9,0.11,0,1.09,0,3.04,0.11,4.86,5.98,13.66,2.49,12.35,0.05,0,20.25,0,0,0,0,0,0,0,0,0,0,0,0,0,0,0,0,0,0,0
11001,Federal Government NonDefense,,11.69,5.14,0.99,0,1.06,0.04,0.03,0.01,2.5,2.96,77.81,10.94,0.95,0.01,0.17,0.06,4.69,1.65,0.14,0.49,3.2,1.87,0.14,1.68,0.27,0.22,2.03,0.11,0.49,0.07,0.79,1.45,0.14,0.04,0.03,0.09,0.45,0.09,0.03,0.12,0.03,0.15,0.05,0.2,3.92,0.03,0.54,0.2,0.02,0,0.17,0.33,0.06,0.23,0.25,0.34,4.4,0.17,9.93,0.19,0.14,1.35,0.28,0.05,2.29,0.11,0.15,1.92,0.91,1.28,0.04,0.68,0.04,0.48,0.33,0.42,0.17,0.01,0.33,0.43,5.99,0.1,0.45,0.06,0,0.78,0,0,0,0,0,0,0,0,0,0,0,0,0,0,0,0,0,0,0
11003,Federal Government Investment,,0,0,0,0,0,0,0,0,0,0.01,0,0,0,0,0,0,0,0,0,0,0,0,0,0.01,0,0,0.01,0,0,0,0,0.01,0,0,0,0,0,0,0,0,0,0,0,0,0.03,0,0,0,0,0,0,0,0,0,0,0,0.03,0,0.07,0,0,0.01,0,0,0.01,0,0,0.01,0.01,0,0,0,0,0,0,0,0,0,0,0,0,0,0,0,0,0,0,0,0,0,0,0,0,0,0,0,0,0,0,0,0,0,0,0,0
12001,State/Local Govt NonEducation,,48.9,11.73,0.43,0.11,6.1,2.63,1.75,0.75,41.29,95.85,126.05,31,2.09,1.06,4.32,0.36,4.78,11.8,9.63,12.17,82.61,11.82,13.5,10.69,23.15,12.14,86.5,6.07,22.7,6.14,15.63,149.14,14.15,11.78,7.91,23.91,45.5,22.99,7.97,32.55,7.85,9.98,13.81,53.08,21.51,1.63,76.6,19.05,71.87,0.74,48.77,5.19,17.86,11.32,18.04,15.23,51.73,22.05,72.41,5.99,6.8,30.09,19.93,0.38,536.35,4.75,62.12,205.77,44.48,96.93,289.4,104.59,113.4,120.69,26.76,27.28,89.32,4.85,31.15,43.01,107.24,14.35,21.97,84.07,0,161.11,0,0,0,0,0,0,0,0,0,0,0,0,0,0,0,0,0,0,0
14001,Capital,,3.11,2.92,0.06,0,1.13,1.66,0.07,0.48,3.84,32.16,25.4,13.62,0.22,0.49,1.42,0,1.11,16.03,2.88,18.14,31.11,4.97,3.49,69.83,9.75,8.58,79.77,4.09,18.91,1.5,9.66,51.57,0.59,1.03,0.69,2.09,5.37,2.01,0.7,2.84,0.69,4.7,1.21,4.63,165.43,1.34,22.54,8.24,0.18,0.13,6.45,13.79,0.93,9.21,10.21,13.73,183.66,6.34,418.86,7.95,5.75,56.67,11.47,1.9,42.24,4.33,6.32,65.7,34.81,20.22,1.39,7.11,0.16,0,1.58,0,4.41,0.15,7.04,8.66,19.79,3.61,17.9,0.07,0,29.34,0,0,0,0,0,0,0,0,0,0,0,0,0,0,0,0,0,0,0
14002,Inventory Additions/Deletions,,20.46,12.37,1.27,0.04,2.7,1,4.09,1.26,20.97,194.33,67.47,15.14,0.96,0.77,1.11,0.17,8.09,5.69,3.63,41.92,57.77,10.6,8.63,15.22,34.39,20.67,55.94,12.93,26.7,4.91,10.67,16.03,1.21,0.36,0.24,0.73,1.84,0.7,0.24,1,0.24,0.83,0.42,1.63,68.37,10.43,12.88,82.2,29.38,0.53,5.61,17.29,1.4,1.39,0.54,1.2,5.67,1.52,1.91,0.73,1.48,0.35,0.18,0.01,24.77,3.47,0.23,10.43,4.4,12.14,3.77,2.3,6.97,8.25,2.73,3.11,0.7,0.17,2.66,3.6,19,4.2,2.44,1.88,0,19.14,0,0,0,0,0,0,0,0,0,0,0,0,0,0,0,0,0,0,0
25001,Foreign Trade,,1418.38,523.53,20.1,0.73,442.55,396.67,150.94,82.07,3155.11,11794.6,6209.55,2308.27,300.88,289.12,1058.45,80.08,516.02,914.11,527.75,16430.79,7511.83,1867.08,698.94,1864.02,3972.77,3755.49,20732.53,1746.64,10436.69,857.02,2464.85,2430.67,153.21,66.99,44.93,135.82,270.03,130.8,45.31,185.99,44.65,371.83,78.6,301.92,1858.34,182.99,351.72,1229.87,419.51,60.86,367.55,443.35,139.33,473.79,531.86,515.12,4297.96,498.13,4242.46,169.92,455.21,1098.99,2624.55,43.08,3809.33,303.52,267.37,4520.69,948.22,1779.91,514.01,472,2870.31,1770.53,325.25,555.95,237.56,24.67,358.15,378.71,2627.66,1621.64,518.36,219.83,0,1891.38,0,0,0,0,0,0,0,0,0,0,0,0,0,0,0,0,0,0,0
28001,Domestic Trade,,2412.29,2146.33,41.06,1,754.85,964.73,556.56,296.33,14706,19358.16,21632.7,6087.29,497.89,438.61,729.28,93.89,1054.08,2678.74,1230.26,12640.18,12942.75,3435.32,2091.1,2242.47,5865.43,5784.97,18786.31,2289.4,17357.89,1514.53,3214.44,4554.7,339.9,167.2,112.26,339.39,828.68,326.46,113.21,462.63,111.43,468.59,196.15,753.55,576.65,242.6,298.25,2088.24,720.25,60.88,1007.16,679.36,450.83,1029.4,726.67,935.5,3583.35,970.58,2038.79,875.12,1286.37,2109.79,7431.42,557.1,13821.7,589.79,1113.18,7919.81,1337.71,3318.98,863.18,1491.33,4749.71,3698.6,836.6,1316.45,655.39,70.08,670.11,985.47,8482.39,2717.81,785.87,441.42,0,3086.79,0,0,0,0,0,0,0,0,0,0,0,0,0,0,0,0,0,0,0
